{
"type": "FeatureCollection",
"name": "G Nittaput",
"crs": { "type": "name", "properties": { "name": "urn:ogc:def:crs:OGC:1.3:CRS84" } },
"features": [
{ "type": "Feature", "properties": { "id": 100, "Plot id": "100", "Name": "Stone quary", "Village": "G Nittaput" }, "geometry": { "type": "MultiPolygon", "coordinates": [ [ [ [ 82.540912907297979, 18.034973831606173 ], [ 82.540458407232023, 18.035006295896601 ], [ 82.540436764371734, 18.035287653080289 ], [ 82.540793871566422, 18.035774617436672 ], [ 82.540793871566422, 18.035774617436672 ], [ 82.54110769304053, 18.036110081771071 ], [ 82.541497264525646, 18.036672796138451 ], [ 82.542059978893022, 18.036835117590577 ], [ 82.542633514690536, 18.036824296160436 ], [ 82.542882407583804, 18.036402260384904 ], [ 82.542568586109695, 18.035991046039513 ], [ 82.54215737176429, 18.035525724543412 ], [ 82.541865193150471, 18.035125331628162 ], [ 82.541270014492667, 18.03489808159518 ], [ 82.540912907297979, 18.034973831606173 ] ] ] ] } },
{ "type": "Feature", "properties": { "id": 19, "Plot id": "19.5", "Name": null, "Village": "G Nittaput" }, "geometry": { "type": "MultiPolygon", "coordinates": [ [ [ [ 82.541280835922805, 18.034173045775674 ], [ 82.540967014448682, 18.034324545797663 ], [ 82.540620728684146, 18.034735760143054 ], [ 82.540490871522451, 18.034995474466459 ], [ 82.540739764415704, 18.034952188745891 ], [ 82.540988657308972, 18.03484397444447 ], [ 82.541118514470682, 18.034519331540213 ], [ 82.541280835922805, 18.034173045775674 ] ] ] ] } },
{ "type": "Feature", "properties": { "id": 35, "Plot id": "35.6", "Name": null, "Village": "G Nittaput" }, "geometry": { "type": "MultiPolygon", "coordinates": [ [ [ [ 82.541719103843548, 18.036981206897487 ], [ 82.541793606933183, 18.036758279525237 ], [ 82.541497264525646, 18.036672796138451 ], [ 82.541383639509149, 18.036813474730288 ], [ 82.541551371676348, 18.036970385467345 ], [ 82.541719103843548, 18.036981206897487 ] ] ] ] } },
{ "type": "Feature", "properties": { "id": 34, "Plot id": "34.6", "Name": null, "Village": "G Nittaput" }, "geometry": { "type": "MultiPolygon", "coordinates": [ [ [ [ 82.540994068024048, 18.036212885357415 ], [ 82.541102282325468, 18.036407671099969 ], [ 82.541161800191247, 18.03671067114394 ], [ 82.541248371632378, 18.036802653300146 ], [ 82.541383639509149, 18.036813474730288 ], [ 82.541497264525646, 18.036672796138451 ], [ 82.54110769304053, 18.036110081771071 ], [ 82.540994068024048, 18.036212885357415 ] ] ] ] } },
{ "type": "Feature", "properties": { "id": 36, "Plot id": "36.4", "Name": null, "Village": "G Nittaput" }, "geometry": { "type": "MultiPolygon", "coordinates": [ [ [ [ 82.540691067980077, 18.03589365316823 ], [ 82.540994068024048, 18.036212885357415 ], [ 82.54110769304053, 18.036110081771071 ], [ 82.540793871566422, 18.035774617436672 ], [ 82.540691067980077, 18.03589365316823 ] ] ] ] } },
{ "type": "Feature", "properties": { "id": 36, "Plot id": "36.5", "Name": null, "Village": "G Nittaput" }, "geometry": { "type": "MultiPolygon", "coordinates": [ [ [ [ 82.540377246505955, 18.036191242497132 ], [ 82.540761407275994, 18.036721492574085 ], [ 82.540864210862338, 18.036353563949259 ], [ 82.540994068024048, 18.036212885357415 ], [ 82.540691067980077, 18.03589365316823 ], [ 82.540572032248505, 18.036061385335429 ], [ 82.540377246505955, 18.036191242497132 ] ] ] ] } },
{ "type": "Feature", "properties": { "id": 35, "Plot id": "35.10", "Name": null, "Village": "G Nittaput" }, "geometry": { "type": "MultiPolygon", "coordinates": [ [ [ [ 82.541848961005257, 18.037024492618055 ], [ 82.541719103843548, 18.036981206897487 ], [ 82.541551371676348, 18.036970385467345 ], [ 82.541383639509149, 18.036813474730288 ], [ 82.541248371632378, 18.036802653300146 ], [ 82.541161800191247, 18.03671067114394 ], [ 82.541102282325468, 18.036407671099969 ], [ 82.540994068024048, 18.036212885357415 ], [ 82.540864210862338, 18.036353563949259 ], [ 82.540761407275994, 18.036721492574085 ], [ 82.540815514426697, 18.037040724763269 ], [ 82.541015710884324, 18.03738159981274 ], [ 82.541551371676348, 18.037630492706 ], [ 82.541681228838058, 18.037262564081178 ], [ 82.541848961005257, 18.037024492618055 ] ] ] ] } },
{ "type": "Feature", "properties": { "id": 24, "Plot id": "24.3", "Name": null, "Village": "G Nittaput" }, "geometry": { "type": "MultiPolygon", "coordinates": [ [ [ [ 82.540060719674301, 18.03556901026397 ], [ 82.539882166076964, 18.035715099570886 ], [ 82.540049898244163, 18.035844956732589 ], [ 82.540266326847004, 18.035888242453154 ], [ 82.540553094745761, 18.035899063883299 ], [ 82.540596380466326, 18.035736742431169 ], [ 82.540298791137431, 18.035698867425673 ], [ 82.540136469685294, 18.035698867425673 ], [ 82.540060719674301, 18.03556901026397 ] ] ] ] } },
{ "type": "Feature", "properties": { "id": 36, "Plot id": "36.5", "Name": null, "Village": "G Nittaput" }, "geometry": { "type": "MultiPolygon", "coordinates": [ [ [ [ 82.53956293388778, 18.035293063795351 ], [ 82.539465541016497, 18.035439153102267 ], [ 82.539730666054979, 18.035590653124252 ], [ 82.539806416065971, 18.035628528129749 ], [ 82.539882166076964, 18.035715099570886 ], [ 82.540060719674301, 18.03556901026397 ], [ 82.539930862512605, 18.035433742387195 ], [ 82.539725255339903, 18.035433742387195 ], [ 82.53956293388778, 18.035293063795351 ] ] ] ] } },
{ "type": "Feature", "properties": { "id": 16, "Plot id": "16.5", "Name": null, "Village": "G Nittaput" }, "geometry": { "type": "MultiPolygon", "coordinates": [ [ [ [ 82.538399630147524, 18.034995474466449 ], [ 82.538448326583165, 18.035195670924075 ], [ 82.538800023062777, 18.035217313784358 ], [ 82.539238290983519, 18.035255188789854 ], [ 82.539238290983519, 18.035255188789854 ], [ 82.539465541016497, 18.035439153102267 ], [ 82.53956293388778, 18.035293063795351 ], [ 82.539335683854802, 18.035092867337728 ], [ 82.539005630235479, 18.035022528041804 ], [ 82.538399630147524, 18.034995474466449 ] ] ] ] } },
{ "type": "Feature", "properties": { "id": 14, "Plot id": "14.3", "Name": null, "Village": "G Nittaput" }, "geometry": { "type": "MultiPolygon", "coordinates": [ [ [ [ 82.538072281885732, 18.035228135214499 ], [ 82.538261656913221, 18.035282242365209 ], [ 82.538448326583165, 18.035195670924075 ], [ 82.538399630147524, 18.034995474466449 ], [ 82.538115567606297, 18.034968420891094 ], [ 82.538072281885732, 18.035228135214499 ] ] ] ] } },
{ "type": "Feature", "properties": { "id": 13, "Plot id": "13.6", "Name": null, "Village": "G Nittaput" }, "geometry": { "type": "MultiPolygon", "coordinates": [ [ [ [ 82.537428406792287, 18.034540974400489 ], [ 82.537325603205943, 18.034746581573184 ], [ 82.53737971035666, 18.034784456578681 ], [ 82.537390531786798, 18.034892670880101 ], [ 82.537623192534852, 18.035054992332228 ], [ 82.537623192534852, 18.035054992332228 ], [ 82.538072281885732, 18.035228135214499 ], [ 82.538072281885732, 18.035228135214499 ], [ 82.538115567606297, 18.034968420891094 ], [ 82.53782879970754, 18.03489808159517 ], [ 82.537644835395128, 18.034687063707405 ], [ 82.537428406792287, 18.034540974400489 ] ] ] ] } },
{ "type": "Feature", "properties": { "id": 88, "Plot id": "88.1", "Name": null, "Village": "G Nittaput" }, "geometry": { "type": "MultiPolygon", "coordinates": [ [ [ [ 82.538077692600808, 18.035428331672122 ], [ 82.537947835439098, 18.035725921001024 ], [ 82.538304942633786, 18.03593152817372 ], [ 82.538391514074917, 18.036315688943759 ], [ 82.538710746264101, 18.036429313960248 ], [ 82.538829781995673, 18.036413081815034 ], [ 82.538997514162872, 18.036337331804042 ], [ 82.53900833559301, 18.03609384962585 ], [ 82.538851424855949, 18.035817903157231 ], [ 82.538829781995673, 18.03546079596255 ], [ 82.538077692600808, 18.035428331672122 ] ] ] ] } },
{ "type": "Feature", "properties": { "id": 14, "Plot id": "14.9", "Name": null, "Village": "G Nittaput" }, "geometry": { "type": "MultiPolygon", "coordinates": [ [ [ [ 82.539327567782195, 18.036115492486132 ], [ 82.539322157067119, 18.035606885269463 ], [ 82.538829781995673, 18.03546079596255 ], [ 82.538851424855949, 18.035817903157231 ], [ 82.53900833559301, 18.03609384962585 ], [ 82.539327567782195, 18.036115492486132 ] ] ] ] } },
{ "type": "Feature", "properties": { "id": 15, "Plot id": "15.3", "Name": null, "Village": "G Nittaput" }, "geometry": { "type": "MultiPolygon", "coordinates": [ [ [ [ 82.539673853546731, 18.036256171077977 ], [ 82.539868639289281, 18.035958581749075 ], [ 82.539614335680952, 18.035823313872303 ], [ 82.539322157067119, 18.035606885269463 ], [ 82.539327567782195, 18.036115492486132 ], [ 82.539673853546731, 18.036256171077977 ] ] ] ] } },
{ "type": "Feature", "properties": { "id": 16, "Plot id": "16.12", "Name": null, "Village": "G Nittaput" }, "geometry": { "type": "MultiPolygon", "coordinates": [ [ [ [ 82.540044487529087, 18.037013671187914 ], [ 82.540686791686355, 18.036618502041897 ], [ 82.540342076857996, 18.036272403223194 ], [ 82.54010400539488, 18.03613172463135 ], [ 82.539868639289281, 18.035958581749075 ], [ 82.539673853546731, 18.036256171077977 ], [ 82.539855112501613, 18.036661974708302 ], [ 82.540044487529087, 18.037013671187914 ] ] ] ] } },
{ "type": "Feature", "properties": { "id": 22, "Plot id": "22.6", "Name": null, "Village": "G Nittaput" }, "geometry": { "type": "MultiPolygon", "coordinates": [ [ [ [ 82.540190576836011, 18.037262564081178 ], [ 82.540682951907471, 18.037051546193414 ], [ 82.540612674256664, 18.036664101811205 ], [ 82.540044487529087, 18.037013671187914 ], [ 82.540190576836011, 18.037262564081178 ] ] ] ] } },
{ "type": "Feature", "properties": { "id": 23, "Plot id": "23.4", "Name": null, "Village": "G Nittaput" }, "geometry": { "type": "MultiPolygon", "coordinates": [ [ [ [ 82.539746898200193, 18.037727885577279 ], [ 82.540904791225373, 18.037397831957954 ], [ 82.540682951907471, 18.037051546193414 ], [ 82.540190576836011, 18.037262564081178 ], [ 82.539600808893283, 18.037446528393591 ], [ 82.539746898200193, 18.037727885577279 ] ] ] ] } },
{ "type": "Feature", "properties": { "id": 21, "Plot id": "21.8", "Name": null, "Village": "G Nittaput" }, "geometry": { "type": "MultiPolygon", "coordinates": [ [ [ [ 82.539828058926261, 18.038355528525511 ], [ 82.54044488044434, 18.038101224917177 ], [ 82.540801987639028, 18.038084992771964 ], [ 82.540904791225373, 18.037397831957954 ], [ 82.539746898200193, 18.037727885577279 ], [ 82.539828058926261, 18.038355528525511 ] ] ] ] } },
{ "type": "Feature", "properties": { "id": 22, "Plot id": "22.5", "Name": null, "Village": "G Nittaput" }, "geometry": { "type": "MultiPolygon", "coordinates": [ [ [ [ 82.540379951863486, 18.038782975016115 ], [ 82.540580148321112, 18.038815439306543 ], [ 82.540801987639028, 18.038084992771964 ], [ 82.540801987639028, 18.038084992771964 ], [ 82.54044488044434, 18.038101224917177 ], [ 82.540365166252755, 18.038134089540023 ], [ 82.540352898288134, 18.038415046391293 ], [ 82.540379951863486, 18.038782975016115 ] ] ] ] } },
{ "type": "Feature", "properties": { "id": 31, "Plot id": "31.6", "Name": null, "Village": "G Nittaput" }, "geometry": { "type": "MultiPolygon", "coordinates": [ [ [ [ 82.541175326978916, 18.038517849977641 ], [ 82.540683344949457, 18.038475645530283 ], [ 82.540580148321112, 18.038815439306543 ], [ 82.540580148321112, 18.039096796490231 ], [ 82.540699184052684, 18.039167135786155 ], [ 82.540872326934945, 18.039096796490231 ], [ 82.541169916263854, 18.038647707139344 ], [ 82.541175326978916, 18.038517849977641 ] ] ] ] } },
{ "type": "Feature", "properties": { "id": 22, "Plot id": "22.7", "Name": null, "Village": "G Nittaput" }, "geometry": { "type": "MultiPolygon", "coordinates": [ [ [ [ 82.539660326759062, 18.0383392963803 ], [ 82.539465541016497, 18.038620653563989 ], [ 82.540066130389377, 18.038712635720195 ], [ 82.540109416109942, 18.038534082122855 ], [ 82.539828058926261, 18.038355528525511 ], [ 82.539660326759062, 18.0383392963803 ] ] ] ] } },
{ "type": "Feature", "properties": { "id": 150, "Plot id": "150", "Name": "trench", "Village": "G Nittaput" }, "geometry": { "type": "MultiPolygon", "coordinates": [ [ [ [ 82.538794612347701, 18.038279778514518 ], [ 82.538810844492914, 18.03863147499413 ], [ 82.539465541016497, 18.038620653563989 ], [ 82.539660326759062, 18.0383392963803 ], [ 82.53964950532891, 18.037706242717 ], [ 82.539373558860291, 18.037749528437566 ], [ 82.539314040994512, 18.038133689207605 ], [ 82.538794612347701, 18.038279778514518 ] ] ] ] } },
{ "type": "Feature", "properties": { "id": 33, "Plot id": "33.3", "Name": null, "Village": "G Nittaput" }, "geometry": { "type": "MultiPolygon", "coordinates": [ [ [ [ 82.538973165945052, 18.036824296160432 ], [ 82.53941684458087, 18.037278796226392 ], [ 82.540012172157432, 18.036953656926258 ], [ 82.539855112501613, 18.036661974708302 ], [ 82.539673853546731, 18.036256171077977 ], [ 82.539327567782195, 18.036115492486132 ], [ 82.53900833559301, 18.03609384962585 ], [ 82.538997514162872, 18.036337331804042 ], [ 82.538946112369686, 18.036440135390396 ], [ 82.538973165945052, 18.036824296160432 ] ] ] ] } },
{ "type": "Feature", "properties": { "id": 20, "Plot id": "2012", "Name": null, "Village": "G Nittaput" }, "geometry": { "type": "MultiPolygon", "coordinates": [ [ [ [ 82.538298615586854, 18.036749276158073 ], [ 82.538563962331565, 18.036815612844251 ], [ 82.538928814105546, 18.036981454559701 ], [ 82.538973165945052, 18.036824296160432 ], [ 82.538997514162872, 18.036337331804042 ], [ 82.538710746264101, 18.036429313960248 ], [ 82.538391514074917, 18.036315688943759 ], [ 82.53851090115117, 18.036358182648868 ], [ 82.538298615586854, 18.036749276158073 ] ] ] ] } },
{ "type": "Feature", "properties": { "id": 4, "Plot id": "4.2", "Name": null, "Village": "G Nittaput" }, "geometry": { "type": "MultiPolygon", "coordinates": [ [ [ [ 82.539094655821003, 18.037202576846962 ], [ 82.539282609765166, 18.037357362448045 ], [ 82.53941684458087, 18.037278796226392 ], [ 82.539197584841503, 18.037054188688511 ], [ 82.539094655821003, 18.037202576846962 ] ] ] ] } },
{ "type": "Feature", "properties": { "id": 1, "Plot id": "1.3", "Name": null, "Village": "G Nittaput" }, "geometry": { "type": "MultiPolygon", "coordinates": [ [ [ [ 82.537226172493632, 18.036174358211191 ], [ 82.537115611349989, 18.036616602785717 ], [ 82.537491519238344, 18.036749276158073 ], [ 82.537602080381973, 18.036417592727179 ], [ 82.537414126437795, 18.036207526554279 ], [ 82.537226172493632, 18.036174358211191 ] ] ] ] } },
{ "type": "Feature", "properties": { "id": 200, "Plot id": "200", "Name": "Podu", "Village": "G Nittaput" }, "geometry": { "type": "MultiPolygon", "coordinates": [ [ [ [ 82.537602080381973, 18.036417592727179 ], [ 82.537491519238344, 18.036749276158073 ], [ 82.537414126437795, 18.037169408503875 ], [ 82.537900595469779, 18.03744581136295 ], [ 82.538508681759751, 18.037799607022571 ], [ 82.53896198244864, 18.038076009881649 ], [ 82.539121928487972, 18.038187720850068 ], [ 82.539351905205663, 18.037889292935635 ], [ 82.539498440217784, 18.037729939205018 ], [ 82.539357331161, 18.037313628803261 ], [ 82.539282609765166, 18.037357362448045 ], [ 82.539094655821003, 18.037202576846962 ], [ 82.538928814105546, 18.036981454559701 ], [ 82.538298615586854, 18.036749276158073 ], [ 82.538099605528316, 18.036926173987883 ], [ 82.537933763812873, 18.036915117873519 ], [ 82.53780109044051, 18.036815612844251 ], [ 82.537602080381973, 18.036417592727179 ] ] ] ] } },
{ "type": "Feature", "properties": { "id": 40, "Plot id": "40.5", "Name": null, "Village": "G Nittaput" }, "geometry": { "type": "MultiPolygon", "coordinates": [ [ [ [ 82.536960825748906, 18.03762270919276 ], [ 82.536872376834012, 18.03793228039493 ], [ 82.536750759576009, 18.038087065996013 ], [ 82.536673366775474, 18.038407693312546 ], [ 82.537104555235629, 18.038529310570539 ], [ 82.537237228607992, 18.038219739368373 ], [ 82.53743623866653, 18.037788550908211 ], [ 82.536960825748906, 18.03762270919276 ] ] ] ] } },
{ "type": "Feature", "properties": { "id": 42, "Plot id": "42.6", "Name": null, "Village": "G Nittaput" }, "geometry": { "type": "MultiPolygon", "coordinates": [ [ [ [ 82.53782320266923, 18.038009673195472 ], [ 82.538641355132114, 18.038131290453467 ], [ 82.538698769255916, 18.037915514032431 ], [ 82.538022212727768, 18.037700101993305 ], [ 82.537622504621353, 18.037287805199075 ], [ 82.537380958094715, 18.037501091934768 ], [ 82.53780109044051, 18.037733270336393 ], [ 82.53782320266923, 18.038009673195472 ] ] ] ] } },
{ "type": "Feature", "properties": { "id": 13, "Plot id": "13.11", "Name": null, "Village": "G Nittaput" }, "geometry": { "type": "MultiPolygon", "coordinates": [ [ [ [ 82.541175326978916, 18.038517849977641 ], [ 82.541598865724254, 18.038496142227451 ], [ 82.541593337667067, 18.038302660226094 ], [ 82.541245070064633, 18.038263963825823 ], [ 82.541175326978916, 18.038517849977641 ] ] ] ] } },
{ "type": "Feature", "properties": { "id": 22, "Plot id": "22.8", "Name": "coffee", "Village": "G Nittaput" }, "geometry": { "type": "MultiPolygon", "coordinates": [ [ [ [ 82.539498203995251, 18.039292182461597 ], [ 82.539874111883606, 18.039176093260785 ], [ 82.539874111883606, 18.039176093260785 ], [ 82.539580086545897, 18.038638196572997 ], [ 82.539205216964632, 18.03878360120089 ], [ 82.539498203995251, 18.039292182461597 ] ] ] ] } },
{ "type": "Feature", "properties": { "id": 34, "Plot id": "34.9", "Name": "coffee", "Village": "G Nittaput" }, "geometry": { "type": "MultiPolygon", "coordinates": [ [ [ [ 82.538282031415307, 18.03941379971959 ], [ 82.539498203995251, 18.039292182461597 ], [ 82.539205216964632, 18.03878360120089 ], [ 82.538254391129399, 18.038794657315254 ], [ 82.538282031415307, 18.03941379971959 ] ] ] ] } },
{ "type": "Feature", "properties": { "id": 33, "Plot id": "33.2", "Name": null, "Village": "G Nittaput" }, "geometry": { "type": "MultiPolygon", "coordinates": [ [ [ [ 82.53899515079172, 18.039665326321344 ], [ 82.539216273078978, 18.039626629921074 ], [ 82.539188632793071, 18.039482900434354 ], [ 82.539017263020455, 18.039466316262811 ], [ 82.53899515079172, 18.039665326321344 ] ] ] ] } },
{ "type": "Feature", "properties": { "id": 16, "Plot id": "16.11", "Name": null, "Village": "G Nittaput" }, "geometry": { "type": "MultiPolygon", "coordinates": [ [ [ [ 82.539387642851608, 18.039875392494245 ], [ 82.539857527712044, 18.039775887464977 ], [ 82.539658517653507, 18.039449732091263 ], [ 82.539393170908795, 18.039516068777445 ], [ 82.539382114794435, 18.039621101863894 ], [ 82.539216273078978, 18.039626629921074 ], [ 82.539387642851608, 18.039875392494245 ] ] ] ] } },
{ "type": "Feature", "properties": { "id": 23, "Plot id": "23.5", "Name": null, "Village": "G Nittaput" }, "geometry": { "type": "MultiPolygon", "coordinates": [ [ [ [ 82.539857527712044, 18.039775887464977 ], [ 82.54013393057113, 18.039621101863894 ], [ 82.53997361691286, 18.039350227061995 ], [ 82.539658517653507, 18.039449732091263 ], [ 82.539857527712044, 18.039775887464977 ] ] ] ] } },
{ "type": "Feature", "properties": { "id": 35, "Plot id": "35.9", "Name": null, "Village": "G Nittaput" }, "geometry": { "type": "MultiPolygon", "coordinates": [ [ [ [ 82.538580546503098, 18.039974897523514 ], [ 82.539000678848907, 18.039952785294787 ], [ 82.539360002565701, 18.039947257237607 ], [ 82.539309935325775, 18.039762591247072 ], [ 82.539039375249175, 18.039775887464977 ], [ 82.539058577621233, 18.03965422662618 ], [ 82.53899515079172, 18.039665326321344 ], [ 82.539002903554845, 18.039595551453264 ], [ 82.538503153702564, 18.039626629921074 ], [ 82.538442345073562, 18.039704022721615 ], [ 82.538580546503098, 18.039974897523514 ] ] ] ] } },
{ "type": "Feature", "properties": { "id": 20, "Plot id": "20.9", "Name": null, "Village": "G Nittaput" }, "geometry": { "type": "MultiPolygon", "coordinates": [ [ [ [ 82.539017263020455, 18.040124155067417 ], [ 82.539431867309062, 18.040168379524868 ], [ 82.539360002565701, 18.039947257237607 ], [ 82.539000678848907, 18.039952785294787 ], [ 82.539017263020455, 18.040124155067417 ] ] ] ] } },
{ "type": "Feature", "properties": { "id": 13, "Plot id": "13.13", "Name": null, "Village": "G Nittaput" }, "geometry": { "type": "MultiPolygon", "coordinates": [ [ [ [ 82.539746966568416, 18.040140739238961 ], [ 82.539796719083043, 18.039963841409151 ], [ 82.539901752169499, 18.0399196169517 ], [ 82.539857527712044, 18.039775887464977 ], [ 82.539387642851608, 18.039875392494245 ], [ 82.539542428452691, 18.040068874495599 ], [ 82.539746966568416, 18.040140739238961 ] ] ] ] } },
{ "type": "Feature", "properties": { "id": 17, "Plot id": "17.7", "Name": null, "Village": "G Nittaput" }, "geometry": { "type": "MultiPolygon", "coordinates": [ [ [ [ 82.540178155028585, 18.040052290324056 ], [ 82.539901752169499, 18.0399196169517 ], [ 82.539796719083043, 18.039963841409151 ], [ 82.539746966568416, 18.040140739238961 ], [ 82.539763550739963, 18.040251300382593 ], [ 82.539929392455406, 18.040383973754949 ], [ 82.540178155028585, 18.040052290324056 ] ] ] ] } },
{ "type": "Feature", "properties": { "id": 22, "Plot id": "22.1", "Name": null, "Village": "G Nittaput" }, "geometry": { "type": "MultiPolygon", "coordinates": [ [ [ [ 82.540449029830469, 18.039681910492892 ], [ 82.540233435600399, 18.039516068777445 ], [ 82.54013393057113, 18.039621101863894 ], [ 82.539857527712044, 18.039775887464977 ], [ 82.539901752169499, 18.0399196169517 ], [ 82.540178155028585, 18.040052290324056 ], [ 82.540449029830469, 18.039681910492892 ] ] ] ] } },
{ "type": "Feature", "properties": { "id": 18, "Plot id": "18.9", "Name": null, "Village": "G Nittaput" }, "geometry": { "type": "MultiPolygon", "coordinates": [ [ [ [ 82.540642511831834, 18.039488428491534 ], [ 82.540355052858388, 18.039339170947631 ], [ 82.540233435600399, 18.039516068777445 ], [ 82.540449029830469, 18.039681910492892 ], [ 82.540642511831834, 18.039488428491534 ] ] ] ] } },
{ "type": "Feature", "properties": { "id": 34, "Plot id": "34.10", "Name": null, "Village": "G Nittaput" }, "geometry": { "type": "MultiPolygon", "coordinates": [ [ [ [ 82.538580546503098, 18.040124155067417 ], [ 82.538796140733183, 18.040129683124597 ], [ 82.539017263020455, 18.040124155067417 ], [ 82.539000678848907, 18.039952785294787 ], [ 82.538580546503098, 18.039974897523514 ], [ 82.538580546503098, 18.040124155067417 ] ] ] ] } },
{ "type": "Feature", "properties": { "id": 36, "Plot id": "36.8", "Name": null, "Village": "G Nittaput" }, "geometry": { "type": "MultiPolygon", "coordinates": [ [ [ [ 82.538862477419357, 18.040489006841401 ], [ 82.539078071649442, 18.040544287413216 ], [ 82.539160992507163, 18.040428198212403 ], [ 82.539354474508528, 18.040428198212403 ], [ 82.539409755080342, 18.040334221240315 ], [ 82.539431867309062, 18.040168379524868 ], [ 82.539017263020455, 18.040124155067417 ], [ 82.538796140733183, 18.040129683124597 ], [ 82.53881272490473, 18.040400557926496 ], [ 82.538862477419357, 18.040489006841401 ] ] ] ] } },
{ "type": "Feature", "properties": { "id": 36, "Plot id": "36.8", "Name": null, "Village": "G Nittaput" }, "geometry": { "type": "MultiPolygon", "coordinates": [ [ [ [ 82.538409176730468, 18.040157323410504 ], [ 82.538409176730468, 18.040372917640585 ], [ 82.53844787313075, 18.040439254326767 ], [ 82.538492097588204, 18.040466894612674 ], [ 82.538702163761101, 18.040372917640585 ], [ 82.53881272490473, 18.040400557926496 ], [ 82.538796140733183, 18.040129683124597 ], [ 82.538580546503098, 18.040124155067417 ], [ 82.538409176730468, 18.040157323410504 ] ] ] ] } },
{ "type": "Feature", "properties": { "id": 40, "Plot id": "40.3", "Name": null, "Village": "G Nittaput" }, "geometry": { "type": "MultiPolygon", "coordinates": [ [ [ [ 82.538099605528302, 18.040361861526225 ], [ 82.538143829985756, 18.040527703241672 ], [ 82.538270975300932, 18.040538759356036 ], [ 82.538342840044294, 18.040483478784218 ], [ 82.53844787313075, 18.040439254326767 ], [ 82.538409176730468, 18.040372917640585 ], [ 82.538243335015025, 18.040356333469042 ], [ 82.538099605528302, 18.040361861526225 ] ] ] ] } },
{ "type": "Feature", "properties": { "id": 34, "Plot id": "34.11", "Name": null, "Village": "G Nittaput" }, "geometry": { "type": "MultiPolygon", "coordinates": [ [ [ [ 82.538362188244449, 18.040737078407428 ], [ 82.538536322045658, 18.040596112949299 ], [ 82.538630299017754, 18.040549124463254 ], [ 82.538862477419357, 18.040489006841401 ], [ 82.53881272490473, 18.040400557926496 ], [ 82.538702163761101, 18.040372917640585 ], [ 82.538492097588204, 18.040466894612674 ], [ 82.538320727815588, 18.040574000720571 ], [ 82.538323491844167, 18.040645865463929 ], [ 82.538362188244449, 18.040737078407428 ] ] ] ] } },
{ "type": "Feature", "properties": { "id": 13, "Plot id": "13.10", "Name": null, "Village": "G Nittaput" }, "geometry": { "type": "MultiPolygon", "coordinates": [ [ [ [ 82.538174234300271, 18.040969256809053 ], [ 82.538237806957866, 18.041152373703209 ], [ 82.538395132544153, 18.041115747174082 ], [ 82.538626031005961, 18.041054009963528 ], [ 82.538792854369902, 18.040999162974334 ], [ 82.538892881733872, 18.040953363644672 ], [ 82.538971290670148, 18.040928215925753 ], [ 82.539055959420722, 18.040896010051394 ], [ 82.539156524258786, 18.040808676899118 ], [ 82.539205216964632, 18.040557416549028 ], [ 82.539160992507163, 18.040428198212403 ], [ 82.539078071649442, 18.040544287413216 ], [ 82.538862477419357, 18.040489006841401 ], [ 82.538630299017754, 18.040549124463254 ], [ 82.538536322045658, 18.040596112949299 ], [ 82.538362188244449, 18.040737078407428 ], [ 82.538364952273028, 18.040831055379513 ], [ 82.538174234300271, 18.040969256809053 ] ] ] ] } },
{ "type": "Feature", "properties": { "id": 36, "Plot id": "36.6", "Name": null, "Village": "G Nittaput" }, "geometry": { "type": "MultiPolygon", "coordinates": [ [ [ [ 82.537602080381973, 18.0403252381474 ], [ 82.53746664298103, 18.040413687062305 ], [ 82.537278689036853, 18.040427507205258 ], [ 82.537176419979005, 18.040452383462576 ], [ 82.537184712064771, 18.040568472663388 ], [ 82.537314621408541, 18.040620989206616 ], [ 82.537549563838752, 18.040601641006479 ], [ 82.537770686126009, 18.040593348920705 ], [ 82.537861899069512, 18.040750898550382 ], [ 82.53797246021314, 18.040800651065016 ], [ 82.538149358042958, 18.040723258264475 ], [ 82.538323491844167, 18.040645865463929 ], [ 82.538320727815588, 18.040574000720571 ], [ 82.538492097588204, 18.040466894612674 ], [ 82.53844787313075, 18.040439254326767 ], [ 82.538342840044294, 18.040483478784218 ], [ 82.538270975300932, 18.040538759356036 ], [ 82.538143829985756, 18.040527703241672 ], [ 82.538099605528302, 18.040361861526225 ], [ 82.538027740784955, 18.040311418004446 ], [ 82.537867427126699, 18.04031694606163 ], [ 82.537649068868021, 18.040303125918676 ], [ 82.537602080381973, 18.0403252381474 ] ] ] ] } },
{ "type": "Feature", "properties": { "id": 27, "Plot id": "27.3", "Name": null, "Village": "G Nittaput" }, "geometry": { "type": "MultiPolygon", "coordinates": [ [ [ [ 82.53742518255217, 18.040162160460543 ], [ 82.537649068868021, 18.040303125918676 ], [ 82.537867427126699, 18.04031694606163 ], [ 82.538027740784955, 18.040311418004446 ], [ 82.538022212727782, 18.040278249661359 ], [ 82.537687765268288, 18.040032251116777 ], [ 82.53743623866653, 18.040101351831549 ], [ 82.53742518255217, 18.040162160460543 ] ] ] ] } },
{ "type": "Feature", "properties": { "id": 42, "Plot id": "42.4", "Name": null, "Village": "G Nittaput" }, "geometry": { "type": "MultiPolygon", "coordinates": [ [ [ [ 82.537325677522901, 18.040300361890083 ], [ 82.53746664298103, 18.040413687062305 ], [ 82.537649068868021, 18.040303125918676 ], [ 82.53742518255217, 18.040162160460543 ], [ 82.537339497665855, 18.04018427268927 ], [ 82.537325677522901, 18.040300361890083 ] ] ] ] } },
{ "type": "Feature", "properties": { "id": 27, "Plot id": "27.5", "Name": null, "Village": "G Nittaput" }, "geometry": { "type": "MultiPolygon", "coordinates": [ [ [ [ 82.537665653039568, 18.039940347166137 ], [ 82.537687765268288, 18.040032251116777 ], [ 82.537795562383337, 18.039970751480634 ], [ 82.53795034798442, 18.040067492481313 ], [ 82.537986280356094, 18.039871246451366 ], [ 82.5379835163275, 18.039774505450691 ], [ 82.537861899069512, 18.039752393221963 ], [ 82.537848078926558, 18.039868482422776 ], [ 82.537679473182521, 18.039857426308412 ], [ 82.537665653039568, 18.039940347166137 ] ] ] ] } },
{ "type": "Feature", "properties": { "id": 38, "Plot id": "38.1", "Name": null, "Village": "G Nittaput" }, "geometry": { "type": "MultiPolygon", "coordinates": [ [ [ [ 82.537646304839427, 18.039782797536461 ], [ 82.537557855924533, 18.039788325593644 ], [ 82.537499811324125, 18.039851898251232 ], [ 82.537469407009624, 18.040006683852315 ], [ 82.537582732181846, 18.040001155795135 ], [ 82.537665653039568, 18.039940347166137 ], [ 82.537679473182521, 18.039857426308412 ], [ 82.537646304839427, 18.039782797536461 ] ] ] ] } },
{ "type": "Feature", "properties": { "id": 42, "Plot id": "42.5", "Name": null, "Village": "G Nittaput" }, "geometry": { "type": "MultiPolygon", "coordinates": [ [ [ [ 82.537065858835362, 18.039381322383655 ], [ 82.537005050206361, 18.039574804385008 ], [ 82.536985702006234, 18.039876083501404 ], [ 82.537146015664504, 18.04001428493094 ], [ 82.53730632932276, 18.0399672964449 ], [ 82.537386486151888, 18.039856735301267 ], [ 82.537405834352029, 18.039762758329182 ], [ 82.537439002695123, 18.039635613014006 ], [ 82.537345025723027, 18.039547164099101 ], [ 82.537204060264898, 18.039464243241376 ], [ 82.537209588322085, 18.039417254755332 ], [ 82.537173655950411, 18.039381322383655 ], [ 82.537065858835362, 18.039381322383655 ] ] ] ] } },
{ "type": "Feature", "properties": { "id": 20, "Plot id": "20.10", "Name": null, "Village": "G Nittaput" }, "geometry": { "type": "MultiPolygon", "coordinates": [ [ [ [ 82.537497047295531, 18.039281817354386 ], [ 82.537096263149863, 18.039245884982705 ], [ 82.536949769634546, 18.039309457640293 ], [ 82.53696082574892, 18.039381322383655 ], [ 82.537065858835362, 18.039381322383655 ], [ 82.537173655950411, 18.039381322383655 ], [ 82.537209588322085, 18.039417254755332 ], [ 82.537204060264898, 18.039464243241376 ], [ 82.537345025723027, 18.039547164099101 ], [ 82.537439002695123, 18.039635613014006 ], [ 82.537524687581438, 18.03965219718555 ], [ 82.537544035781565, 18.039569276327825 ], [ 82.537497047295531, 18.039281817354386 ] ] ] ] } },
{ "type": "Feature", "properties": { "id": 40, "Plot id": "40.6", "Name": null, "Village": "G Nittaput" }, "geometry": { "type": "MultiPolygon", "coordinates": [ [ [ [ 82.537157071778864, 18.04014419427471 ], [ 82.53711284732141, 18.040285159732839 ], [ 82.537325677522901, 18.040300361890083 ], [ 82.537339497665855, 18.04018427268927 ], [ 82.537157071778864, 18.04014419427471 ] ] ] ] } },
{ "type": "Feature", "properties": { "id": 17, "Plot id": "17.2", "Name": null, "Village": "G Nittaput" }, "geometry": { "type": "MultiPolygon", "coordinates": [ [ [ [ 82.536269818601227, 18.039878847529994 ], [ 82.536184133714912, 18.040163542474843 ], [ 82.536308515001494, 18.040205002903704 ], [ 82.53645777254539, 18.0401469583033 ], [ 82.536521345202985, 18.039964532416306 ], [ 82.536269818601227, 18.039878847529994 ] ] ] ] } },
{ "type": "Feature", "properties": { "id": 20, "Plot id": "20.4", "Name": null, "Village": "G Nittaput" }, "geometry": { "type": "MultiPolygon", "coordinates": [ [ [ [ 82.536333391258808, 18.03907244218864 ], [ 82.536399727944982, 18.039158127074952 ], [ 82.536493704917078, 18.039127722760455 ], [ 82.536681658861241, 18.039243811961267 ], [ 82.536728647347289, 18.039122194703275 ], [ 82.536474356716937, 18.038887252273057 ], [ 82.536333391258808, 18.03907244218864 ] ] ] ] } },
{ "type": "Feature", "properties": { "id": 21, "Plot id": "21.9", "Name": null, "Village": "G Nittaput" }, "geometry": { "type": "MultiPolygon", "coordinates": [ [ [ [ 82.53595195531328, 18.038199009153953 ], [ 82.535719776911648, 18.038317862383355 ], [ 82.535603687710847, 18.038456063812895 ], [ 82.536103976885769, 18.038961881045008 ], [ 82.536333391258808, 18.03907244218864 ], [ 82.536474356716937, 18.038887252273057 ], [ 82.536280874715587, 18.038558332870753 ], [ 82.53595195531328, 18.038199009153953 ] ] ] ] } },
{ "type": "Feature", "properties": { "id": 42, "Plot id": "42.5", "Name": null, "Village": "G Nittaput" }, "geometry": { "type": "MultiPolygon", "coordinates": [ [ [ [ 82.536170313571944, 18.039865027387041 ], [ 82.536073572571269, 18.039710241785954 ], [ 82.535902202798638, 18.039624556899643 ], [ 82.535819281940917, 18.039624556899643 ], [ 82.535697664682928, 18.03983738710113 ], [ 82.535728068997429, 18.039959004359126 ], [ 82.535910494884419, 18.040052981331211 ], [ 82.536170313571944, 18.039865027387041 ] ] ] ] } },
{ "type": "Feature", "properties": { "id": 27, "Plot id": "27.6", "Name": null, "Village": "G Nittaput" }, "geometry": { "type": "MultiPolygon", "coordinates": [ [ [ [ 82.536911073234279, 18.040428198212407 ], [ 82.536756287633196, 18.040815162215114 ], [ 82.536886196976965, 18.040856622643975 ], [ 82.536869612805418, 18.040989296016335 ], [ 82.537065858835362, 18.041003807166433 ], [ 82.537184712064771, 18.040568472663388 ], [ 82.536911073234279, 18.040428198212407 ] ] ] ] } },
{ "type": "Feature", "properties": { "id": 38, "Plot id": "38.3", "Name": null, "Village": "G Nittaput" }, "geometry": { "type": "MultiPolygon", "coordinates": [ [ [ [ 82.536396963916388, 18.040629972299531 ], [ 82.536659546632521, 18.040743297471753 ], [ 82.536756287633196, 18.040815162215114 ], [ 82.536911073234279, 18.040428198212407 ], [ 82.536706535118554, 18.040350805411865 ], [ 82.536607030089286, 18.04044754641254 ], [ 82.536504761031438, 18.04044754641254 ], [ 82.536396963916388, 18.040629972299531 ] ] ] ] } },
{ "type": "Feature", "properties": { "id": 37, "Plot id": "37.1", "Name": null, "Village": "G Nittaput" }, "geometry": { "type": "MultiPolygon", "coordinates": [ [ [ [ 82.536659546632521, 18.040743297471753 ], [ 82.536582153831972, 18.040864914729749 ], [ 82.53660564807501, 18.040924341344471 ], [ 82.536736939433055, 18.040981003930561 ], [ 82.536869612805418, 18.040989296016335 ], [ 82.536869612805418, 18.040989296016335 ], [ 82.536886196976965, 18.040856622643975 ], [ 82.536756287633196, 18.040815162215114 ], [ 82.536659546632521, 18.040743297471753 ] ] ] ] } },
{ "type": "Feature", "properties": { "id": 24, "Plot id": "24.1", "Name": null, "Village": "G Nittaput" }, "geometry": { "type": "MultiPolygon", "coordinates": [ [ [ [ 82.536396963916388, 18.040629972299531 ], [ 82.536344447373168, 18.040654848556848 ], [ 82.536319571115854, 18.040746061500347 ], [ 82.53632786320162, 18.040834510415252 ], [ 82.536320953130158, 18.040882880915611 ], [ 82.536573861746206, 18.040967874794752 ], [ 82.53660564807501, 18.040924341344471 ], [ 82.536582153831972, 18.040864914729749 ], [ 82.536659546632521, 18.040743297471753 ], [ 82.536396963916388, 18.040629972299531 ] ] ] ] } },
{ "type": "Feature", "properties": { "id": 16, "Plot id": "16.4", "Name": null, "Village": "G Nittaput" }, "geometry": { "type": "MultiPolygon", "coordinates": [ [ [ [ 82.537320149465714, 18.041147536653153 ], [ 82.537215116379272, 18.041148918667471 ], [ 82.537186106093685, 18.041081511959714 ], [ 82.537054802721002, 18.041060469752566 ], [ 82.537065858835362, 18.041003807166433 ], [ 82.537065858835362, 18.041003807166433 ], [ 82.536869612805418, 18.040989296016335 ], [ 82.536869612805418, 18.040989296016335 ], [ 82.536888961005559, 18.041224929453694 ], [ 82.536681658861241, 18.041291266139876 ], [ 82.536695479004194, 18.041437759655185 ], [ 82.536739703461649, 18.041509624398547 ], [ 82.536742467490242, 18.041548320798817 ], [ 82.536959443734631, 18.041414956419334 ], [ 82.537071073151964, 18.041377489052415 ], [ 82.537068622863956, 18.04134931074028 ], [ 82.537237228608006, 18.041318906425804 ], [ 82.537328360562952, 18.041289519759424 ], [ 82.537320149465714, 18.041147536653153 ] ] ] ] } },
{ "type": "Feature", "properties": { "id": 13, "Plot id": "13.3", "Name": null, "Village": "G Nittaput" }, "geometry": { "type": "MultiPolygon", "coordinates": [ [ [ [ 82.536474356716937, 18.041722454600034 ], [ 82.536742467490242, 18.041548320798817 ], [ 82.536739703461649, 18.041509624398547 ], [ 82.536695479004194, 18.041437759655185 ], [ 82.536681658861241, 18.041291266139876 ], [ 82.536888961005559, 18.041224929453694 ], [ 82.536869612805418, 18.040989296016335 ], [ 82.536736939433055, 18.040981003930561 ], [ 82.53660564807501, 18.040924341344471 ], [ 82.536573861746206, 18.040967874794752 ], [ 82.536566951674743, 18.041034902488104 ], [ 82.536517199160102, 18.041048722631057 ], [ 82.536514435131522, 18.041131643488782 ], [ 82.536438562105147, 18.041143794176122 ], [ 82.536419076145123, 18.041211109310741 ], [ 82.536413548087936, 18.041423939512232 ], [ 82.53643566031667, 18.041551084827407 ], [ 82.536438424345249, 18.041647825828086 ], [ 82.536474356716937, 18.041722454600034 ] ] ] ] } },
{ "type": "Feature", "properties": { "id": 16, "Plot id": "16.3", "Name": null, "Village": "G Nittaput" }, "geometry": { "type": "MultiPolygon", "coordinates": [ [ [ [ 82.537013342292141, 18.041606365399222 ], [ 82.537300801265587, 18.041807448479222 ], [ 82.537358845865981, 18.041603601370632 ], [ 82.53744453075231, 18.041528972598705 ], [ 82.537328360562952, 18.041289519759424 ], [ 82.537237228608006, 18.041318906425804 ], [ 82.537068622863956, 18.04134931074028 ], [ 82.537074150921129, 18.041412883397868 ], [ 82.537013342292141, 18.041501332312773 ], [ 82.537013342292141, 18.041606365399222 ] ] ] ] } },
{ "type": "Feature", "properties": { "id": 35, "Plot id": "35.1", "Name": null, "Village": "G Nittaput" }, "geometry": { "type": "MultiPolygon", "coordinates": [ [ [ [ 82.53744453075231, 18.041528972598705 ], [ 82.537715405554209, 18.041564904970382 ], [ 82.53784103100547, 18.041510326120243 ], [ 82.537734753754336, 18.041269153911148 ], [ 82.537591024267613, 18.041354147790337 ], [ 82.537328360562952, 18.041289519759424 ], [ 82.53744453075231, 18.041528972598705 ] ] ] ] } },
{ "type": "Feature", "properties": { "id": 34, "Plot id": "34.1", "Name": null, "Village": "G Nittaput" }, "geometry": { "type": "MultiPolygon", "coordinates": [ [ [ [ 82.537834258783604, 18.041204890246433 ], [ 82.537734753754336, 18.041269153911148 ], [ 82.53784103100547, 18.041510326120243 ], [ 82.537983516327515, 18.041426703540846 ], [ 82.538088549413956, 18.041432231598026 ], [ 82.538005628556235, 18.041213182332207 ], [ 82.537834258783604, 18.041204890246433 ] ] ] ] } },
{ "type": "Feature", "properties": { "id": 35, "Plot id": "35.8", "Name": null, "Village": "G Nittaput" }, "geometry": { "type": "MultiPolygon", "coordinates": [ [ [ [ 82.538005628556235, 18.041213182332207 ], [ 82.538237806957866, 18.041152373703209 ], [ 82.538174234300271, 18.040969256809053 ], [ 82.538364952273028, 18.040831055379513 ], [ 82.538362188244449, 18.040737078407428 ], [ 82.538323491844167, 18.040645865463929 ], [ 82.53797246021314, 18.040800651065016 ], [ 82.537922707698513, 18.040891864008529 ], [ 82.537712641525616, 18.041046649609612 ], [ 82.537333969608682, 18.041005189180751 ], [ 82.537320149465714, 18.041147536653153 ], [ 82.537328360562952, 18.041289519759424 ], [ 82.537591024267613, 18.041354147790337 ], [ 82.537734753754336, 18.041269153911148 ], [ 82.537834258783604, 18.041204890246433 ], [ 82.538005628556235, 18.041213182332207 ] ] ] ] } },
{ "type": "Feature", "properties": { "id": 14, "Plot id": "14.1", "Name": null, "Village": "G Nittaput" }, "geometry": { "type": "MultiPolygon", "coordinates": [ [ [ [ 82.537878483241059, 18.04169135927841 ], [ 82.53784103100547, 18.041510326120243 ], [ 82.537715405554209, 18.041564904970382 ], [ 82.53744453075231, 18.041528972598705 ], [ 82.537358845865981, 18.041603601370632 ], [ 82.537334486786563, 18.041657732658226 ], [ 82.537439002695123, 18.041744566828783 ], [ 82.5375965523248, 18.041741802800193 ], [ 82.537878483241059, 18.04169135927841 ] ] ] ] } },
{ "type": "Feature", "properties": { "id": 13, "Plot id": "13.2", "Name": null, "Village": "G Nittaput" }, "geometry": { "type": "MultiPolygon", "coordinates": [ [ [ [ 82.538332361207196, 18.041568149017564 ], [ 82.538367716301622, 18.041694814314152 ], [ 82.538525265931298, 18.041609129427837 ], [ 82.538518408270846, 18.041456546482774 ], [ 82.538320727815588, 18.041468163969707 ], [ 82.538088549413956, 18.041432231598026 ], [ 82.537983516327515, 18.041426703540846 ], [ 82.53784103100547, 18.041510326120243 ], [ 82.537878483241059, 18.04169135927841 ], [ 82.538332361207196, 18.041568149017564 ] ] ] ] } },
{ "type": "Feature", "properties": { "id": 18, "Plot id": "18.1", "Name": null, "Village": "G Nittaput" }, "geometry": { "type": "MultiPolygon", "coordinates": [ [ [ [ 82.538518408270846, 18.041456546482774 ], [ 82.538514209816924, 18.041363130883234 ], [ 82.538442345073577, 18.041288502111307 ], [ 82.538395132544153, 18.041115747174082 ], [ 82.538237806957866, 18.041152373703209 ], [ 82.538005628556235, 18.041213182332207 ], [ 82.538088549413956, 18.041432231598026 ], [ 82.538320727815588, 18.041468163969707 ], [ 82.538518408270846, 18.041456546482774 ] ] ] ] } },
{ "type": "Feature", "properties": { "id": 36, "Plot id": "36.2", "Name": null, "Village": "G Nittaput" }, "geometry": { "type": "MultiPolygon", "coordinates": [ [ [ [ 82.538626031005961, 18.041054009963528 ], [ 82.538395132544153, 18.041115747174082 ], [ 82.538442345073577, 18.041288502111307 ], [ 82.538514209816924, 18.041363130883234 ], [ 82.538518408270846, 18.041456546482774 ], [ 82.538693871675335, 18.041395608219197 ], [ 82.538696635703928, 18.041269153911148 ], [ 82.538633063046333, 18.041114368310065 ], [ 82.538626031005961, 18.041054009963528 ] ] ] ] } },
{ "type": "Feature", "properties": { "id": 17, "Plot id": "17.1", "Name": null, "Village": "G Nittaput" }, "geometry": { "type": "MultiPolygon", "coordinates": [ [ [ [ 82.538792854369902, 18.040999162974334 ], [ 82.538626031005961, 18.041054009963528 ], [ 82.538633063046333, 18.041114368310065 ], [ 82.538696635703928, 18.041269153911148 ], [ 82.538693871675335, 18.041395608219197 ], [ 82.538851421305012, 18.041392844190607 ], [ 82.53887681806151, 18.041332791443455 ], [ 82.538821016990511, 18.041092256081338 ], [ 82.538792854369902, 18.040999162974334 ] ] ] ] } },
{ "type": "Feature", "properties": { "id": 11, "Plot id": "11.1", "Name": null, "Village": "G Nittaput" }, "geometry": { "type": "MultiPolygon", "coordinates": [ [ [ [ 82.538892881733872, 18.040953363644672 ], [ 82.538792854369902, 18.040999162974334 ], [ 82.538821016990511, 18.041092256081338 ], [ 82.53887681806151, 18.041332791443455 ], [ 82.539072543592283, 18.041177249960526 ], [ 82.538917757991186, 18.041039739538114 ], [ 82.538892881733872, 18.040953363644672 ] ] ] ] } },
{ "type": "Feature", "properties": { "id": 12, "Plot id": "12.1", "Name": null, "Village": "G Nittaput" }, "geometry": { "type": "MultiPolygon", "coordinates": [ [ [ [ 82.538971290670148, 18.040928215925753 ], [ 82.538892881733872, 18.040953363644672 ], [ 82.538917757991186, 18.041039739538114 ], [ 82.539072543592283, 18.041177249960526 ], [ 82.539158228478598, 18.041105385217165 ], [ 82.538986858705954, 18.040970638823342 ], [ 82.538971290670148, 18.040928215925753 ] ] ] ] } },
{ "type": "Feature", "properties": { "id": 20, "Plot id": "20.1", "Name": null, "Village": "G Nittaput" }, "geometry": { "type": "MultiPolygon", "coordinates": [ [ [ [ 82.539055959420722, 18.040896010051394 ], [ 82.538971290670148, 18.040928215925753 ], [ 82.538986858705954, 18.040970638823342 ], [ 82.539158228478598, 18.041105385217165 ], [ 82.539235621279133, 18.04105839673112 ], [ 82.539055959420722, 18.040896010051394 ] ] ] ] } },
{ "type": "Feature", "properties": { "id": 31, "Plot id": "31.1", "Name": null, "Village": "G Nittaput" }, "geometry": { "type": "MultiPolygon", "coordinates": [ [ [ [ 82.539156524258786, 18.040808676899118 ], [ 82.539055959420722, 18.040896010051394 ], [ 82.539235621279133, 18.04105839673112 ], [ 82.539313014079681, 18.040961655730445 ], [ 82.539156524258786, 18.040808676899118 ] ] ] ] } },
{ "type": "Feature", "properties": { "id": 30, "Plot id": "30.1", "Name": null, "Village": "G Nittaput" }, "geometry": { "type": "MultiPolygon", "coordinates": [ [ [ [ 82.539205216964632, 18.040557416549028 ], [ 82.539156524258786, 18.040808676899118 ], [ 82.539313014079681, 18.040961655730445 ], [ 82.539398698965982, 18.040889790987084 ], [ 82.539371058680075, 18.040735696393128 ], [ 82.539371058680075, 18.040600258992178 ], [ 82.539205216964632, 18.040557416549028 ] ] ] ] } },
{ "type": "Feature", "properties": { "id": 36, "Plot id": "36.1", "Name": null, "Village": "G Nittaput" }, "geometry": { "type": "MultiPolygon", "coordinates": [ [ [ [ 82.539354474508528, 18.040428198212403 ], [ 82.539160992507163, 18.040428198212403 ], [ 82.539205216964632, 18.040557416549028 ], [ 82.539371058680075, 18.040600258992178 ], [ 82.539423575223296, 18.040524248205937 ], [ 82.539354474508528, 18.040428198212403 ] ] ] ] } },
{ "type": "Feature", "properties": { "id": 16, "Plot id": "16.1", "Name": null, "Village": "G Nittaput" }, "geometry": { "type": "MultiPolygon", "coordinates": [ [ [ [ 82.539545192481299, 18.040444091376806 ], [ 82.539489911909484, 18.040377754690624 ], [ 82.539409755080342, 18.040334221240315 ], [ 82.539354474508528, 18.040428198212403 ], [ 82.539423575223296, 18.040524248205937 ], [ 82.53946779968075, 18.040457911519759 ], [ 82.539545192481299, 18.040444091376806 ] ] ] ] } },
{ "type": "Feature", "properties": { "id": 48, "Plot id": "48.7", "Name": null, "Village": "G Nittaput" }, "geometry": { "type": "MultiPolygon", "coordinates": [ [ [ [ 82.540332940629668, 18.039987335652182 ], [ 82.54012287445677, 18.04023333419676 ], [ 82.540700556432242, 18.040468276626974 ], [ 82.540681208232115, 18.040164233481988 ], [ 82.540559590974112, 18.04009236873863 ], [ 82.540332940629668, 18.039987335652182 ] ] ] ] } },
{ "type": "Feature", "properties": { "id": 29, "Plot id": "29.8", "Name": null, "Village": "G Nittaput" }, "geometry": { "type": "MultiPolygon", "coordinates": [ [ [ [ 82.54072543268957, 18.039467007269966 ], [ 82.540332940629668, 18.039987335652182 ], [ 82.540559590974112, 18.04009236873863 ], [ 82.540697792403662, 18.039776578472136 ], [ 82.540996307491454, 18.039889903644358 ], [ 82.541187025464225, 18.039732354014681 ], [ 82.540990779434281, 18.039619028842459 ], [ 82.54072543268957, 18.039467007269966 ] ] ] ] } },
{ "type": "Feature", "properties": { "id": 30, "Plot id": "30.8", "Name": null, "Village": "G Nittaput" }, "geometry": { "type": "MultiPolygon", "coordinates": [ [ [ [ 82.540874690233466, 18.039295637497339 ], [ 82.54072543268957, 18.039467007269966 ], [ 82.541187025464225, 18.039732354014681 ], [ 82.541247834093227, 18.039679837471457 ], [ 82.541374979408403, 18.039696421643001 ], [ 82.541441316094577, 18.039455951155606 ], [ 82.541308642722214, 18.039190604410891 ], [ 82.541117924749457, 18.039190604410891 ], [ 82.541117924749457, 18.039190604410891 ], [ 82.540874690233466, 18.039295637497339 ] ] ] ] } },
{ "type": "Feature", "properties": { "id": 40, "Plot id": "40.4", "Name": null, "Village": "G Nittaput" }, "geometry": { "type": "MultiPolygon", "coordinates": [ [ [ [ 82.540440737744717, 18.039131177796193 ], [ 82.540385457172903, 18.039136705853373 ], [ 82.540341232715448, 18.039238974911232 ], [ 82.540672916146335, 18.039410344683859 ], [ 82.540744780889696, 18.03930531159741 ], [ 82.540440737744717, 18.039131177796193 ] ] ] ] } },
{ "type": "Feature", "properties": { "id": 19, "Plot id": "19.4", "Name": null, "Village": "G Nittaput" }, "geometry": { "type": "MultiPolygon", "coordinates": [ [ [ [ 82.540109054313817, 18.039313603683183 ], [ 82.540341232715448, 18.039238974911232 ], [ 82.540385457172903, 18.039136705853373 ], [ 82.540385457172903, 18.03898744830947 ], [ 82.540285952143634, 18.039042728881288 ], [ 82.540103526256644, 18.039191986425188 ], [ 82.540109054313817, 18.039313603683183 ] ] ] ] } },
{ "type": "Feature", "properties": { "id": 13, "Plot id": "13.12", "Name": null, "Village": "G Nittaput" }, "geometry": { "type": "MultiPolygon", "coordinates": [ [ [ [ 82.540205795314492, 18.038937695794836 ], [ 82.53995150468414, 18.03898744830947 ], [ 82.539910044255279, 18.039084189310149 ], [ 82.540103526256644, 18.039191986425188 ], [ 82.540285952143634, 18.039042728881288 ], [ 82.540205795314492, 18.038937695794836 ] ] ] ] } },
{ "type": "Feature", "properties": { "id": 20, "Plot id": "20.3", "Name": null, "Village": "G Nittaput" }, "geometry": { "type": "MultiPolygon", "coordinates": [ [ [ [ 82.540297008257994, 18.038821606594023 ], [ 82.540205795314492, 18.038937695794836 ], [ 82.540285952143634, 18.039042728881288 ], [ 82.540385457172903, 18.03898744830947 ], [ 82.54040204134445, 18.038901763423159 ], [ 82.540297008257994, 18.038821606594023 ] ] ] ] } },
{ "type": "Feature", "properties": { "id": 32, "Plot id": "32.5", "Name": null, "Village": "G Nittaput" }, "geometry": { "type": "MultiPolygon", "coordinates": [ [ [ [ 82.541681786581975, 18.03827847497594 ], [ 82.541593337667067, 18.038302660226094 ], [ 82.541598865724254, 18.038496142227451 ], [ 82.541175326978916, 18.038517849977641 ], [ 82.541169916263854, 18.038647707139344 ], [ 82.540949447175961, 18.038980415035606 ], [ 82.541051588063283, 18.039102846503138 ], [ 82.541156621149725, 18.039113902617501 ], [ 82.541327990922355, 18.03907244218864 ], [ 82.541515944866532, 18.039086262331594 ], [ 82.541714954925069, 18.03890107241601 ], [ 82.541850392326012, 18.038713118471836 ], [ 82.542060458498909, 18.038497524241759 ], [ 82.541949897355281, 18.038461591870078 ], [ 82.541861448440372, 18.038353794755036 ], [ 82.541681786581975, 18.03827847497594 ] ] ] ] } },
{ "type": "Feature", "properties": { "id": 24, "Plot id": "24.5", "Name": null, "Village": "G Nittaput" }, "geometry": { "type": "MultiPolygon", "coordinates": [ [ [ [ 82.54073833498768, 18.038294580770319 ], [ 82.541095812520723, 18.038360704826516 ], [ 82.541245070064633, 18.038263963825823 ], [ 82.541593337667067, 18.038302660226094 ], [ 82.541681786581975, 18.03827847497594 ], [ 82.541662438381834, 18.038136818510665 ], [ 82.541546349181019, 18.037946100537901 ], [ 82.541571225438346, 18.037766438679501 ], [ 82.541551371676348, 18.037630492706 ], [ 82.541197631357392, 18.037466128517398 ], [ 82.541029475834549, 18.037572956678144 ], [ 82.541054352091862, 18.03772774227923 ], [ 82.540971431234141, 18.038117470310528 ], [ 82.540790585486548, 18.038122536444749 ], [ 82.54073833498768, 18.038294580770319 ] ] ] ] } },
{ "type": "Feature", "properties": { "id": 16, "Plot id": "16.2", "Name": null, "Village": "G Nittaput" }, "geometry": { "type": "MultiPolygon", "coordinates": [ [ [ [ 82.537300801265587, 18.041807448479222 ], [ 82.537317385437134, 18.041846144879493 ], [ 82.537784506268977, 18.041821268622176 ], [ 82.538240570986446, 18.041735583735864 ], [ 82.538367716301622, 18.041694814314152 ], [ 82.538332361207196, 18.041568149017564 ], [ 82.537878483241059, 18.04169135927841 ], [ 82.5375965523248, 18.041741802800193 ], [ 82.537439002695123, 18.041744566828783 ], [ 82.537334486786563, 18.041657732658226 ], [ 82.537300801265587, 18.041807448479222 ] ] ] ] } },
{ "type": "Feature", "properties": { "id": 35, "Plot id": "35.2", "Name": null, "Village": "G Nittaput" }, "geometry": { "type": "MultiPolygon", "coordinates": [ [ [ [ 82.53693042143442, 18.041765988050361 ], [ 82.537063094806783, 18.041931829765808 ], [ 82.537146015664504, 18.041998166451986 ], [ 82.537317385437134, 18.041846144879493 ], [ 82.537300801265587, 18.041807448479222 ], [ 82.537013342292141, 18.041606365399222 ], [ 82.53693042143442, 18.041765988050361 ] ] ] ] } },
{ "type": "Feature", "properties": { "id": 34, "Plot id": "34.2", "Name": null, "Village": "G Nittaput" }, "geometry": { "type": "MultiPolygon", "coordinates": [ [ [ [ 82.536822624319385, 18.041890369336947 ], [ 82.536935949491607, 18.042078323281121 ], [ 82.537146015664504, 18.041998166451986 ], [ 82.537146015664504, 18.041998166451986 ], [ 82.537063094806783, 18.041931829765808 ], [ 82.53693042143442, 18.041765988050361 ], [ 82.536902781148513, 18.041848908908086 ], [ 82.536822624319385, 18.041890369336947 ] ] ] ] } },
{ "type": "Feature", "properties": { "id": 34, "Plot id": "34.2", "Name": null, "Village": "G Nittaput" }, "geometry": { "type": "MultiPolygon", "coordinates": [ [ [ [ 82.53680051209065, 18.041680303164046 ], [ 82.536869612805432, 18.041779808193315 ], [ 82.536814332233604, 18.041821268622176 ], [ 82.536864084748245, 18.04186825710822 ], [ 82.536902781148513, 18.041848908908086 ], [ 82.53693042143442, 18.041765988050361 ], [ 82.537013342292141, 18.041606365399222 ], [ 82.537013342292141, 18.04154762979169 ], [ 82.536969117834701, 18.041519989505783 ], [ 82.53680051209065, 18.041680303164046 ] ] ] ] } },
{ "type": "Feature", "properties": { "id": 36, "Plot id": "36.3", "Name": null, "Village": "G Nittaput" }, "geometry": { "type": "MultiPolygon", "coordinates": [ [ [ [ 82.536356885501846, 18.041807448479222 ], [ 82.536417694130833, 18.041895897394127 ], [ 82.536569715703337, 18.041807448479222 ], [ 82.53680051209065, 18.041680303164046 ], [ 82.536969117834701, 18.041519989505783 ], [ 82.537013342292141, 18.04154762979169 ], [ 82.537013342292141, 18.041501332312773 ], [ 82.537074150921129, 18.041412883397868 ], [ 82.537071073151964, 18.041377489052415 ], [ 82.536959443734631, 18.041414956419334 ], [ 82.536742467490242, 18.041548320798817 ], [ 82.536356885501846, 18.041807448479222 ] ] ] ] } },
{ "type": "Feature", "properties": { "id": 44, "Plot id": "44.1", "Name": null, "Village": "G Nittaput" }, "geometry": { "type": "MultiPolygon", "coordinates": [ [ [ [ 82.536166167529075, 18.041199362189253 ], [ 82.536030730128132, 18.041298867218519 ], [ 82.53608877472854, 18.041362439876107 ], [ 82.536119179043041, 18.041439832676648 ], [ 82.536413548087936, 18.041423939512232 ], [ 82.53641758278701, 18.041268603597874 ], [ 82.536177223643435, 18.041235294560931 ], [ 82.536166167529075, 18.041199362189253 ] ] ] ] } },
{ "type": "Feature", "properties": { "id": 34, "Plot id": "39.1", "Name": null, "Village": "G Nittaput" }, "geometry": { "type": "MultiPolygon", "coordinates": [ [ [ [ 82.536246324358217, 18.041105385217165 ], [ 82.536166167529075, 18.041199362189253 ], [ 82.536177223643435, 18.041235294560931 ], [ 82.53641758278701, 18.041268603597874 ], [ 82.536438562105147, 18.041143794176122 ], [ 82.536246324358217, 18.041105385217165 ] ] ] ] } },
{ "type": "Feature", "properties": { "id": 37, "Plot id": "37.1", "Name": null, "Village": "G Nittaput" }, "geometry": { "type": "MultiPolygon", "coordinates": [ [ [ [ 82.536320953130158, 18.040882880915611 ], [ 82.536298840901438, 18.040888408972794 ], [ 82.536296076872844, 18.040985149973469 ], [ 82.536246324358217, 18.041105385217165 ], [ 82.536438562105147, 18.041143794176122 ], [ 82.536514435131522, 18.041131643488782 ], [ 82.536517199160102, 18.041048722631057 ], [ 82.536566951674743, 18.041034902488104 ], [ 82.536573861746206, 18.040967874794752 ], [ 82.536320953130158, 18.040882880915611 ] ] ] ] } },
{ "type": "Feature", "properties": { "id": 42, "Plot id": "42.1", "Name": null, "Village": "G Nittaput" }, "geometry": { "type": "MultiPolygon", "coordinates": [ [ [ [ 82.536142673286065, 18.040506282020118 ], [ 82.536137145228878, 18.04058091079207 ], [ 82.536331706264448, 18.040701565955491 ], [ 82.536344447373168, 18.040654848556848 ], [ 82.536142673286065, 18.040506282020118 ] ] ] ] } },
{ "type": "Feature", "properties": { "id": 40, "Plot id": "40.1", "Name": null, "Village": "G Nittaput" }, "geometry": { "type": "MultiPolygon", "coordinates": [ [ [ [ 82.536048696313969, 18.040663831649795 ], [ 82.536324724570903, 18.040801031687565 ], [ 82.536331706264448, 18.040701565955491 ], [ 82.536137145228878, 18.04058091079207 ], [ 82.536142673286065, 18.040506282020118 ], [ 82.535954719341888, 18.040351496419035 ], [ 82.535918786970214, 18.040384664762126 ], [ 82.53604593228539, 18.040553270506162 ], [ 82.536048696313969, 18.040663831649795 ] ] ] ] } },
{ "type": "Feature", "properties": { "id": 23, "Plot id": "23.2", "Name": null, "Village": "G Nittaput" }, "geometry": { "type": "MultiPolygon", "coordinates": [ [ [ [ 82.536062516456923, 18.04076057265047 ], [ 82.536106740914377, 18.040813089193694 ], [ 82.536298840901438, 18.040888408972794 ], [ 82.536320953130158, 18.040882880915611 ], [ 82.536324724570903, 18.040801031687565 ], [ 82.536048696313969, 18.040663831649795 ], [ 82.536062516456923, 18.04076057265047 ] ] ] ] } },
{ "type": "Feature", "properties": { "id": 22, "Plot id": "22.2", "Name": null, "Village": "G Nittaput" }, "geometry": { "type": "MultiPolygon", "coordinates": [ [ [ [ 82.536034876171016, 18.040948526594644 ], [ 82.536246324358217, 18.041105385217165 ], [ 82.536296076872844, 18.040985149973469 ], [ 82.536298840901438, 18.040888408972794 ], [ 82.536106740914377, 18.040813089193694 ], [ 82.536062516456923, 18.04076057265047 ], [ 82.536034876171016, 18.040948526594644 ] ] ] ] } },
{ "type": "Feature", "properties": { "id": 20, "Plot id": "20.2", "Name": null, "Village": "G Nittaput" }, "geometry": { "type": "MultiPolygon", "coordinates": [ [ [ [ 82.535932607113168, 18.041014863280822 ], [ 82.536166167529075, 18.041199362189253 ], [ 82.536246324358217, 18.041105385217165 ], [ 82.536034876171016, 18.040948526594644 ], [ 82.535932607113168, 18.041014863280822 ] ] ] ] } },
{ "type": "Feature", "properties": { "id": 21, "Plot id": "21.3", "Name": null, "Village": "G Nittaput" }, "geometry": { "type": "MultiPolygon", "coordinates": [ [ [ [ 82.535830338055305, 18.041607056406395 ], [ 82.535910494884433, 18.041526899577264 ], [ 82.535940899198934, 18.041471619005446 ], [ 82.536018291999483, 18.041507551377126 ], [ 82.536119179043041, 18.041439832676648 ], [ 82.53608877472854, 18.041362439876107 ], [ 82.536030730128132, 18.041298867218519 ], [ 82.536166167529075, 18.041199362189253 ], [ 82.535932607113168, 18.041014863280822 ], [ 82.535857978341213, 18.041043194573877 ], [ 82.535816517912352, 18.041076362916964 ], [ 82.535761237340537, 18.041233912546641 ], [ 82.535741889140397, 18.041366585918997 ], [ 82.535830338055305, 18.041607056406395 ] ] ] ] } },
{ "type": "Feature", "properties": { "id": 21, "Plot id": "21.4", "Name": null, "Village": "G Nittaput" }, "geometry": { "type": "MultiPolygon", "coordinates": [ [ [ [ 82.535849686255432, 18.040504208998673 ], [ 82.535819281940945, 18.0407059830858 ], [ 82.535819281940945, 18.0407059830858 ], [ 82.535940899198934, 18.040788903943525 ], [ 82.535938135170341, 18.040963037744746 ], [ 82.536034876171016, 18.040948526594644 ], [ 82.536062516456923, 18.04076057265047 ], [ 82.536048696313969, 18.040663831649795 ], [ 82.536048696313969, 18.040663831649795 ], [ 82.535849686255432, 18.040504208998673 ] ] ] ] } },
{ "type": "Feature", "properties": { "id": 22, "Plot id": "22.3", "Name": null, "Village": "G Nittaput" }, "geometry": { "type": "MultiPolygon", "coordinates": [ [ [ [ 82.535703192740129, 18.040388119797861 ], [ 82.535683844539989, 18.040603714027942 ], [ 82.535825574797229, 18.040664221403183 ], [ 82.535849686255432, 18.040504208998673 ], [ 82.535703192740129, 18.040388119797861 ] ] ] ] } },
{ "type": "Feature", "properties": { "id": 48, "Plot id": "48.4", "Name": null, "Village": "G Nittaput" }, "geometry": { "type": "MultiPolygon", "coordinates": [ [ [ [ 82.535634092025361, 18.04065899459976 ], [ 82.535780585540664, 18.040775083800572 ], [ 82.535819281940945, 18.0407059830858 ], [ 82.535825574797229, 18.040664221403183 ], [ 82.535683844539989, 18.040603714027942 ], [ 82.535634092025361, 18.04065899459976 ] ] ] ] } },
{ "type": "Feature", "properties": { "id": 20, "Plot id": "20.5", "Name": null, "Village": "G Nittaput" }, "geometry": { "type": "MultiPolygon", "coordinates": [ [ [ [ 82.535683844539989, 18.040880116887021 ], [ 82.535813753883758, 18.041032138459514 ], [ 82.535932607113168, 18.041014863280822 ], [ 82.535938135170341, 18.040963037744746 ], [ 82.535940899198934, 18.040788903943525 ], [ 82.535819281940945, 18.0407059830858 ], [ 82.535780585540664, 18.040775083800572 ], [ 82.535683844539989, 18.040880116887021 ] ] ] ] } },
{ "type": "Feature", "properties": { "id": 24, "Plot id": "24.3", "Name": null, "Village": "G Nittaput" }, "geometry": { "type": "MultiPolygon", "coordinates": [ [ [ [ 82.535509710738779, 18.040794432000705 ], [ 82.535683844539989, 18.040880116887021 ], [ 82.535780585540664, 18.040775083800572 ], [ 82.535634092025361, 18.04065899459976 ], [ 82.535509710738779, 18.040794432000705 ] ] ] ] } },
{ "type": "Feature", "properties": { "id": 12, "Plot id": "12.3", "Name": null, "Village": "G Nittaput" }, "geometry": { "type": "MultiPolygon", "coordinates": [ [ [ [ 82.535498654624405, 18.040979621916289 ], [ 82.535658968282675, 18.040971329830516 ], [ 82.535747417197584, 18.041073598888374 ], [ 82.535813753883758, 18.041032138459514 ], [ 82.535683844539989, 18.040880116887021 ], [ 82.535509710738779, 18.040794432000705 ], [ 82.535498654624405, 18.040979621916289 ] ] ] ] } },
{ "type": "Feature", "properties": { "id": 17, "Plot id": "17.3", "Name": null, "Village": "G Nittaput" }, "geometry": { "type": "MultiPolygon", "coordinates": [ [ [ [ 82.535446138081184, 18.041079126945558 ], [ 82.535747417197584, 18.041073598888374 ], [ 82.535658968282675, 18.040971329830516 ], [ 82.535498654624405, 18.040979621916289 ], [ 82.535446138081184, 18.041079126945558 ] ] ] ] } },
{ "type": "Feature", "properties": { "id": 62, "Plot id": "62.1", "Name": null, "Village": "G Nittaput" }, "geometry": { "type": "MultiPolygon", "coordinates": [ [ [ [ 82.535424025852464, 18.041217328375094 ], [ 82.535756657252364, 18.041265318865555 ], [ 82.535747417197584, 18.041073598888374 ], [ 82.535446138081184, 18.041079126945558 ], [ 82.535424025852464, 18.041217328375094 ] ] ] ] } },
{ "type": "Feature", "properties": { "id": 24, "Plot id": "24.4", "Name": null, "Village": "G Nittaput" }, "geometry": { "type": "MultiPolygon", "coordinates": [ [ [ [ 82.535426789881043, 18.041325125490136 ], [ 82.535741889140397, 18.041366585918997 ], [ 82.535756657252364, 18.041265318865555 ], [ 82.535424025852464, 18.041217328375094 ], [ 82.535426789881043, 18.041325125490136 ] ] ] ] } },
{ "type": "Feature", "properties": { "id": 19, "Plot id": "19.2", "Name": null, "Village": "G Nittaput" }, "geometry": { "type": "MultiPolygon", "coordinates": [ [ [ [ 82.535393621537963, 18.041402518290678 ], [ 82.535681080511395, 18.041443978719538 ], [ 82.535769505623435, 18.041441668232242 ], [ 82.535741889140397, 18.041366585918997 ], [ 82.535426789881043, 18.041325125490136 ], [ 82.535393621537963, 18.041402518290678 ] ] ] ] } },
{ "type": "Feature", "properties": { "id": 48, "Plot id": "48.4", "Name": null, "Village": "G Nittaput" }, "geometry": { "type": "MultiPolygon", "coordinates": [ [ [ [ 82.535346633051915, 18.041539337705917 ], [ 82.535645148139722, 18.041594618277735 ], [ 82.535681080511395, 18.041443978719538 ], [ 82.535393621537963, 18.041402518290678 ], [ 82.535346633051915, 18.041539337705917 ] ] ] ] } },
{ "type": "Feature", "properties": { "id": 23, "Plot id": "23.3", "Name": null, "Village": "G Nittaput" }, "geometry": { "type": "MultiPolygon", "coordinates": [ [ [ [ 82.535697664682942, 18.041810212507816 ], [ 82.535880090569933, 18.041796392364859 ], [ 82.535830338055305, 18.041607056406395 ], [ 82.535769505623435, 18.041441668232242 ], [ 82.535681080511395, 18.041443978719538 ], [ 82.535645148139722, 18.041594618277735 ], [ 82.535672788425629, 18.041743875821634 ], [ 82.535697664682942, 18.041810212507816 ] ] ] ] } },
{ "type": "Feature", "properties": { "id": 22, "Plot id": "22.4", "Name": null, "Village": "G Nittaput" }, "geometry": { "type": "MultiPolygon", "coordinates": [ [ [ [ 82.535335576937555, 18.041696887335593 ], [ 82.535468250309904, 18.041710707478547 ], [ 82.535672788425629, 18.041743875821634 ], [ 82.535645148139722, 18.041594618277735 ], [ 82.535346633051915, 18.041539337705917 ], [ 82.535335576937555, 18.041696887335593 ] ] ] ] } },
{ "type": "Feature", "properties": { "id": 42, "Plot id": "42.3", "Name": null, "Village": "G Nittaput" }, "geometry": { "type": "MultiPolygon", "coordinates": [ [ [ [ 82.535335576937555, 18.041846144879493 ], [ 82.535556699224813, 18.041873785165404 ], [ 82.535589867567907, 18.041956706023125 ], [ 82.535683844539989, 18.041989874366216 ], [ 82.535697664682942, 18.041810212507816 ], [ 82.535672788425629, 18.041743875821634 ], [ 82.535468250309904, 18.041710707478547 ], [ 82.535335576937555, 18.041696887335593 ], [ 82.535335576937555, 18.041846144879493 ] ] ] ] } },
{ "type": "Feature", "properties": { "id": 40, "Plot id": "40.2", "Name": null, "Village": "G Nittaput" }, "geometry": { "type": "MultiPolygon", "coordinates": [ [ [ [ 82.535714248854489, 18.042197176510523 ], [ 82.535802697769398, 18.042202704567703 ], [ 82.535830338055305, 18.04203962688085 ], [ 82.535863506398385, 18.04200093048058 ], [ 82.535893910712886, 18.041893133365537 ], [ 82.535891146684307, 18.041832324736539 ], [ 82.535880090569933, 18.041796392364859 ], [ 82.535697664682942, 18.041810212507816 ], [ 82.535683844539989, 18.041989874366216 ], [ 82.535714248854489, 18.042197176510523 ] ] ] ] } },
{ "type": "Feature", "properties": { "id": 24, "Plot id": "24.2", "Name": null, "Village": "G Nittaput" }, "geometry": { "type": "MultiPolygon", "coordinates": [ [ [ [ 82.535990651713561, 18.041619494535052 ], [ 82.536051460342563, 18.041605674392095 ], [ 82.536018291999483, 18.041507551377126 ], [ 82.535940899198934, 18.041471619005446 ], [ 82.535910494884433, 18.041526899577264 ], [ 82.535990651713561, 18.041619494535052 ] ] ] ] } },
{ "type": "Feature", "properties": { "id": 12, "Plot id": "12.2", "Name": null, "Village": "G Nittaput" }, "geometry": { "type": "MultiPolygon", "coordinates": [ [ [ [ 82.536244942343913, 18.041583562163371 ], [ 82.53643566031667, 18.041551084827407 ], [ 82.536413548087936, 18.041423939512232 ], [ 82.536241374422744, 18.041433235273509 ], [ 82.536244942343913, 18.041583562163371 ] ] ] ] } },
{ "type": "Feature", "properties": { "id": 11, "Plot id": "11.2", "Name": null, "Village": "G Nittaput" }, "geometry": { "type": "MultiPolygon", "coordinates": [ [ [ [ 82.5362504704011, 18.041702415392773 ], [ 82.536438424345249, 18.041647825828086 ], [ 82.53643566031667, 18.041551084827407 ], [ 82.536244942343913, 18.041583562163371 ], [ 82.5362504704011, 18.041702415392773 ] ] ] ] } },
{ "type": "Feature", "properties": { "id": 17, "Plot id": "17.2", "Name": null, "Village": "G Nittaput" }, "geometry": { "type": "MultiPolygon", "coordinates": [ [ [ [ 82.5362504704011, 18.041829560707949 ], [ 82.536356885501846, 18.041807448479222 ], [ 82.536474356716937, 18.041722454600034 ], [ 82.536438424345249, 18.041647825828086 ], [ 82.5362504704011, 18.041702415392773 ], [ 82.5362504704011, 18.041829560707949 ] ] ] ] } },
{ "type": "Feature", "properties": { "id": 48, "Plot id": "48.2", "Name": null, "Village": "G Nittaput" }, "geometry": { "type": "MultiPolygon", "coordinates": [ [ [ [ 82.536084628685657, 18.041710707478547 ], [ 82.5362504704011, 18.041702415392773 ], [ 82.536244942343913, 18.041583562163371 ], [ 82.536241374422744, 18.041433235273509 ], [ 82.536119179043041, 18.041439832676648 ], [ 82.536018291999483, 18.041507551377126 ], [ 82.536051460342563, 18.041605674392095 ], [ 82.536084628685657, 18.041710707478547 ] ] ] ] } },
{ "type": "Feature", "properties": { "id": 62, "Plot id": "62.2", "Name": null, "Village": "G Nittaput" }, "geometry": { "type": "MultiPolygon", "coordinates": [ [ [ [ 82.536098448828611, 18.041857200993856 ], [ 82.5362504704011, 18.041829560707949 ], [ 82.5362504704011, 18.041702415392773 ], [ 82.536084628685657, 18.041710707478547 ], [ 82.536098448828611, 18.041857200993856 ] ] ] ] } },
{ "type": "Feature", "properties": { "id": 19, "Plot id": "19.2", "Name": null, "Village": "G Nittaput" }, "geometry": { "type": "MultiPolygon", "coordinates": [ [ [ [ 82.535824809998118, 18.042313265711332 ], [ 82.535954719341888, 18.042299445568379 ], [ 82.536032112142422, 18.042385130454694 ], [ 82.536126089114518, 18.042390658511874 ], [ 82.53609015674283, 18.042260749168108 ], [ 82.536065280485516, 18.04219717651052 ], [ 82.536076336599876, 18.042133603852932 ], [ 82.536073572571283, 18.042009222566346 ], [ 82.536098448828611, 18.041857200993856 ], [ 82.536084628685657, 18.041710707478547 ], [ 82.536051460342563, 18.041605674392095 ], [ 82.535990651713561, 18.041619494535052 ], [ 82.535910494884433, 18.041526899577264 ], [ 82.535830338055305, 18.041607056406395 ], [ 82.535891146684307, 18.041832324736539 ], [ 82.535891146684307, 18.041832324736539 ], [ 82.535893910712886, 18.041893133365537 ], [ 82.535863506398385, 18.04200093048058 ], [ 82.535830338055305, 18.04203962688085 ], [ 82.535802697769398, 18.042202704567703 ], [ 82.535824809998118, 18.042313265711332 ] ] ] ] } },
{ "type": "Feature", "properties": { "id": 42, "Plot id": "42.2", "Name": null, "Village": "G Nittaput" }, "geometry": { "type": "MultiPolygon", "coordinates": [ [ [ [ 82.535733597054616, 18.042310501682742 ], [ 82.535824809998118, 18.042313265711332 ], [ 82.535802697769398, 18.042202704567703 ], [ 82.535714248854489, 18.042197176510523 ], [ 82.535733597054616, 18.042310501682742 ] ] ] ] } },
{ "type": "Feature", "properties": { "id": 48, "Plot id": "48.1", "Name": null, "Village": "G Nittaput" }, "geometry": { "type": "MultiPolygon", "coordinates": [ [ [ [ 82.536076336599876, 18.042133603852932 ], [ 82.536314043058681, 18.042078323281117 ], [ 82.53643289628809, 18.042034098823663 ], [ 82.536408020030777, 18.041953941994532 ], [ 82.536417694130833, 18.041895897394127 ], [ 82.536356885501846, 18.041807448479222 ], [ 82.5362504704011, 18.041829560707949 ], [ 82.536098448828611, 18.041857200993856 ], [ 82.536073572571283, 18.042009222566346 ], [ 82.536076336599876, 18.042133603852932 ] ] ] ] } },
{ "type": "Feature", "properties": { "id": 47, "Plot id": "47.1", "Name": null, "Village": "G Nittaput" }, "geometry": { "type": "MultiPolygon", "coordinates": [ [ [ [ 82.536126089114518, 18.042390658511874 ], [ 82.536220066086599, 18.042327085854286 ], [ 82.53638037974487, 18.042313265711332 ], [ 82.536355503487542, 18.042188884424746 ], [ 82.536466064631171, 18.042092143424071 ], [ 82.53643289628809, 18.042034098823663 ], [ 82.536314043058681, 18.042078323281117 ], [ 82.536076336599876, 18.042133603852932 ], [ 82.536065280485516, 18.04219717651052 ], [ 82.536126089114518, 18.042390658511874 ] ] ] ] } },
{ "type": "Feature", "properties": { "id": 34, "Plot id": "34.4", "Name": null, "Village": "G Nittaput" }, "geometry": { "type": "MultiPolygon", "coordinates": [ [ [ [ 82.536569715703337, 18.041807448479222 ], [ 82.536417694130833, 18.041895897394127 ], [ 82.536408020030777, 18.041953941994532 ], [ 82.53643289628809, 18.042034098823663 ], [ 82.536626378289441, 18.041893133365534 ], [ 82.536569715703337, 18.041807448479222 ] ] ] ] } },
{ "type": "Feature", "properties": { "id": 35, "Plot id": "35.4", "Name": null, "Village": "G Nittaput" }, "geometry": { "type": "MultiPolygon", "coordinates": [ [ [ [ 82.536419076145137, 18.042304973625562 ], [ 82.536419076145137, 18.042205468596293 ], [ 82.536419076145137, 18.04219441248193 ], [ 82.536540693403126, 18.042086615366888 ], [ 82.536712063175756, 18.041995402423392 ], [ 82.536761815690397, 18.041937357822988 ], [ 82.536822624319385, 18.041890369336947 ], [ 82.536864084748245, 18.04186825710822 ], [ 82.536814332233604, 18.041821268622176 ], [ 82.536869612805432, 18.041779808193315 ], [ 82.53680051209065, 18.041680303164046 ], [ 82.536569715703337, 18.041807448479222 ], [ 82.536626378289441, 18.041893133365534 ], [ 82.53643289628809, 18.042034098823663 ], [ 82.536466064631171, 18.042092143424071 ], [ 82.536355503487542, 18.042188884424746 ], [ 82.53638037974487, 18.042313265711332 ], [ 82.536419076145137, 18.042304973625562 ] ] ] ] } },
{ "type": "Feature", "properties": { "id": 36, "Plot id": "36.3", "Name": null, "Village": "G Nittaput" }, "geometry": { "type": "MultiPolygon", "coordinates": [ [ [ [ 82.536822624319385, 18.042123238745717 ], [ 82.536935949491607, 18.042078323281121 ], [ 82.536822624319385, 18.041890369336947 ], [ 82.536761815690397, 18.041937357822988 ], [ 82.536781163890524, 18.041998857459131 ], [ 82.536822624319385, 18.042123238745717 ] ] ] ] } },
{ "type": "Feature", "properties": { "id": 30, "Plot id": "30.3", "Name": null, "Village": "G Nittaput" }, "geometry": { "type": "MultiPolygon", "coordinates": [ [ [ [ 82.536753523604617, 18.042134294860077 ], [ 82.536822624319385, 18.042123238745717 ], [ 82.536761815690397, 18.041937357822988 ], [ 82.536712063175756, 18.041995402423392 ], [ 82.536753523604617, 18.042134294860077 ] ] ] ] } },
{ "type": "Feature", "properties": { "id": 23, "Plot id": "23.2", "Name": null, "Village": "G Nittaput" }, "geometry": { "type": "MultiPolygon", "coordinates": [ [ [ [ 82.536640198432394, 18.042172991260347 ], [ 82.536753523604617, 18.042134294860077 ], [ 82.536712063175756, 18.041995402423392 ], [ 82.536575285223748, 18.042068203591395 ], [ 82.536640198432394, 18.042172991260347 ] ] ] ] } },
{ "type": "Feature", "properties": { "id": 22, "Plot id": "22.1", "Name": null, "Village": "G Nittaput" }, "geometry": { "type": "MultiPolygon", "coordinates": [ [ [ [ 82.536468828659764, 18.042471506348154 ], [ 82.536518581174406, 18.042297372546933 ], [ 82.536640198432394, 18.042172991260347 ], [ 82.536575285223748, 18.042068203591395 ], [ 82.536540693403126, 18.042086615366888 ], [ 82.536419076145137, 18.042205468596293 ], [ 82.536419076145137, 18.042304973625562 ], [ 82.53638037974487, 18.042313265711332 ], [ 82.536468828659764, 18.042471506348154 ] ] ] ] } },
{ "type": "Feature", "properties": { "id": 23, "Plot id": "23.1", "Name": null, "Village": "G Nittaput" }, "geometry": { "type": "MultiPolygon", "coordinates": [ [ [ [ 82.536327863201635, 18.042557191234469 ], [ 82.536468828659764, 18.042471506348154 ], [ 82.53638037974487, 18.042313265711332 ], [ 82.536220066086599, 18.042327085854286 ], [ 82.536126089114518, 18.042390658511874 ], [ 82.536150965371831, 18.042427281890699 ], [ 82.536327863201635, 18.042557191234469 ] ] ] ] } },
{ "type": "Feature", "properties": { "id": 20, "Plot id": "20.3", "Name": null, "Village": "G Nittaput" }, "geometry": { "type": "MultiPolygon", "coordinates": [ [ [ [ 82.536106740914377, 18.042695392664005 ], [ 82.536228358172366, 18.042645640149374 ], [ 82.536231122200959, 18.042573775406012 ], [ 82.536327863201635, 18.042557191234469 ], [ 82.536150965371831, 18.042427281890699 ], [ 82.536126089114518, 18.042390658511874 ], [ 82.536032112142422, 18.042385130454694 ], [ 82.535954719341888, 18.042299445568379 ], [ 82.535824809998118, 18.042313265711332 ], [ 82.535860742369792, 18.042424517862109 ], [ 82.535888382655699, 18.042452158148016 ], [ 82.53589667474148, 18.042529550948558 ], [ 82.535990651713561, 18.042582067491786 ], [ 82.536106740914377, 18.042695392664005 ] ] ] ] } },
{ "type": "Feature", "properties": { "id": 20, "Plot id": "20.8", "Name": null, "Village": "G Nittaput" }, "geometry": { "type": "MultiPolygon", "coordinates": [ [ [ [ 82.536195189829272, 18.042787987621796 ], [ 82.536410784059342, 18.042635966049303 ], [ 82.536521345202971, 18.042519876848491 ], [ 82.536468828659764, 18.042471506348154 ], [ 82.536327863201635, 18.042557191234469 ], [ 82.536231122200959, 18.042573775406012 ], [ 82.536228358172366, 18.042645640149374 ], [ 82.536106740914377, 18.042695392664005 ], [ 82.536195189829272, 18.042787987621796 ] ] ] ] } },
{ "type": "Feature", "properties": { "id": 16, "Plot id": "16.8", "Name": "coffee", "Village": "G Nittaput" }, "geometry": { "type": "MultiPolygon", "coordinates": [ [ [ [ 82.537726461668555, 18.041936666815836 ], [ 82.537659926307569, 18.041827903057989 ], [ 82.537325677522901, 18.041897970415565 ], [ 82.537146015664504, 18.041998166451986 ], [ 82.536935949491607, 18.042078323281121 ], [ 82.536822624319385, 18.042123238745717 ], [ 82.536753523604617, 18.042134294860077 ], [ 82.536640198432394, 18.042172991260347 ], [ 82.536518581174406, 18.042297372546933 ], [ 82.536468828659764, 18.042471506348154 ], [ 82.536521345202971, 18.042519876848491 ], [ 82.536689950947022, 18.042381675418952 ], [ 82.537726461668555, 18.041936666815836 ] ] ] ] } },
{ "type": "Feature", "properties": { "id": 20, "Plot id": "20.6", "Name": null, "Village": "G Nittaput" }, "geometry": { "type": "MultiPolygon", "coordinates": [ [ [ [ 82.535407441680888, 18.042461832248083 ], [ 82.535382565423575, 18.042638730077893 ], [ 82.535634092025333, 18.042674662449574 ], [ 82.535703192740101, 18.042564101305942 ], [ 82.535670024397021, 18.042492236562584 ], [ 82.535407441680888, 18.042461832248083 ] ] ] ] } },
{ "type": "Feature", "properties": { "id": 36, "Plot id": "36.5", "Name": null, "Village": "G Nittaput" }, "geometry": { "type": "MultiPolygon", "coordinates": [ [ [ [ 82.535426789881029, 18.042823919993477 ], [ 82.535556699224799, 18.042829448050657 ], [ 82.535634092025333, 18.042674662449574 ], [ 82.535382565423575, 18.042638730077893 ], [ 82.535338340966121, 18.042716122878435 ], [ 82.535426789881029, 18.042823919993477 ] ] ] ] } },
{ "type": "Feature", "properties": { "id": 34, "Plot id": "34.5", "Name": null, "Village": "G Nittaput" }, "geometry": { "type": "MultiPolygon", "coordinates": [ [ [ [ 82.53581375388373, 18.042658078278031 ], [ 82.535703192740101, 18.042564101305942 ], [ 82.535634092025333, 18.042674662449574 ], [ 82.535556699224799, 18.042829448050657 ], [ 82.535645148139693, 18.042865380422338 ], [ 82.535656204254053, 18.0429372451657 ], [ 82.535700428711507, 18.0429372451657 ], [ 82.535703192740101, 18.042840504165021 ], [ 82.53581375388373, 18.042658078278031 ] ] ] ] } },
{ "type": "Feature", "properties": { "id": 42, "Plot id": "42.7", "Name": null, "Village": "G Nittaput" }, "geometry": { "type": "MultiPolygon", "coordinates": [ [ [ [ 82.535424025852436, 18.042948301280063 ], [ 82.535567755339159, 18.04298146962315 ], [ 82.535656204254053, 18.0429372451657 ], [ 82.535645148139693, 18.042865380422338 ], [ 82.535556699224799, 18.042829448050657 ], [ 82.535426789881029, 18.042823919993477 ], [ 82.535448902109749, 18.042895784736839 ], [ 82.535424025852436, 18.042948301280063 ] ] ] ] } },
{ "type": "Feature", "properties": { "id": 19, "Plot id": "19.3", "Name": null, "Village": "G Nittaput" }, "geometry": { "type": "MultiPolygon", "coordinates": [ [ [ [ 82.535891146684278, 18.04279904373616 ], [ 82.535777821512056, 18.042790751650386 ], [ 82.535742026506469, 18.042776428450516 ], [ 82.535703192740101, 18.042840504165021 ], [ 82.535700428711507, 18.0429372451657 ], [ 82.53566173231124, 18.04298146962315 ], [ 82.53566173231124, 18.04298146962315 ], [ 82.535786113597823, 18.042992525737514 ], [ 82.535849686255418, 18.042915132936972 ], [ 82.535891146684278, 18.04279904373616 ] ] ] ] } },
{ "type": "Feature", "properties": { "id": 20, "Plot id": "20.4", "Name": null, "Village": "G Nittaput" }, "geometry": { "type": "MultiPolygon", "coordinates": [ [ [ [ 82.535893910712872, 18.042951065308653 ], [ 82.535932607113139, 18.042995289766104 ], [ 82.536195189829272, 18.042787987621796 ], [ 82.536106740914377, 18.042695392664005 ], [ 82.535893910712872, 18.042951065308653 ] ] ] ] } },
{ "type": "Feature", "properties": { "id": 21, "Plot id": "21.5", "Name": null, "Village": "G Nittaput" }, "geometry": { "type": "MultiPolygon", "coordinates": [ [ [ [ 82.535932607113139, 18.042995289766104 ], [ 82.535893910712872, 18.042951065308653 ], [ 82.536106740914377, 18.042695392664005 ], [ 82.535990651713561, 18.042582067491786 ], [ 82.53589667474148, 18.042529550948558 ], [ 82.535888382655699, 18.042452158148016 ], [ 82.535860742369792, 18.042424517862109 ], [ 82.535824809998118, 18.042313265711332 ], [ 82.535733597054616, 18.042310501682742 ], [ 82.535714248854489, 18.042197176510523 ], [ 82.535683844539989, 18.041989874366216 ], [ 82.535589867567907, 18.041956706023125 ], [ 82.535556699224813, 18.041873785165404 ], [ 82.535335576937555, 18.041846144879493 ], [ 82.535288588451493, 18.042018205659268 ], [ 82.535352161109074, 18.042278024346803 ], [ 82.535407441680888, 18.042461832248083 ], [ 82.535670024397021, 18.042492236562584 ], [ 82.535703192740101, 18.042564101305942 ], [ 82.53581375388373, 18.042658078278031 ], [ 82.535742026506469, 18.042776428450516 ], [ 82.535777821512056, 18.042790751650386 ], [ 82.535891146684278, 18.04279904373616 ], [ 82.535849686255418, 18.042915132936972 ], [ 82.535786113597823, 18.042992525737514 ], [ 82.535932607113139, 18.042995289766104 ] ] ] ] } },
{ "type": "Feature", "properties": { "id": 33, "Plot id": "33.2", "Name": null, "Village": "G Nittaput" }, "geometry": { "type": "MultiPolygon", "coordinates": [ [ [ [ 82.534705378418849, 18.036403772584247 ], [ 82.534948612934841, 18.036906825787767 ], [ 82.535048117964109, 18.037045027217307 ], [ 82.535258184137007, 18.037398822876927 ], [ 82.535457194195544, 18.037150060303755 ], [ 82.535352161109103, 18.036890241616224 ], [ 82.535158679107738, 18.036713343786413 ], [ 82.53521948773674, 18.036304267554979 ], [ 82.534970725163575, 18.036293211440615 ], [ 82.534705378418849, 18.036403772584247 ] ] ] ] } },
{ "type": "Feature", "properties": { "id": 47, "Plot id": "47.3", "Name": null, "Village": "G Nittaput" }, "geometry": { "type": "MultiPolygon", "coordinates": [ [ [ [ 82.534362638873603, 18.036917881902131 ], [ 82.534843579848399, 18.037675225736006 ], [ 82.535258184137007, 18.037398822876927 ], [ 82.535048117964109, 18.037045027217307 ], [ 82.534699850361676, 18.036834961044409 ], [ 82.534362638873603, 18.036917881902131 ] ] ] ] } },
{ "type": "Feature", "properties": { "id": 37, "Plot id": "37.7", "Name": null, "Village": "G Nittaput" }, "geometry": { "type": "MultiPolygon", "coordinates": [ [ [ [ 82.533881697898806, 18.037614417107008 ], [ 82.534113876300424, 18.037619945164188 ], [ 82.534097292128877, 18.037404350934107 ], [ 82.533854057612899, 18.037431991220014 ], [ 82.533881697898806, 18.037614417107008 ] ] ] ] } },
{ "type": "Feature", "properties": { "id": 45, "Plot id": "45.1", "Name": null, "Village": "G Nittaput" }, "geometry": { "type": "MultiPolygon", "coordinates": [ [ [ [ 82.533881697898792, 18.037912932194814 ], [ 82.53408070795733, 18.037923988309174 ], [ 82.534113876300424, 18.037619945164188 ], [ 82.533881697898806, 18.037614417107008 ], [ 82.533881697898792, 18.037912932194814 ] ] ] ] } },
{ "type": "Feature", "properties": { "id": 43, "Plot id": "43.1", "Name": null, "Village": "G Nittaput" }, "geometry": { "type": "MultiPolygon", "coordinates": [ [ [ [ 82.533815361212618, 18.038205919225437 ], [ 82.533981202928061, 18.038106414196168 ], [ 82.534113876300424, 18.038095358081804 ], [ 82.53408070795733, 18.037923988309174 ], [ 82.533881697898792, 18.037912932194814 ], [ 82.533876169841619, 18.038034549452806 ], [ 82.533815361212618, 18.038205919225437 ] ] ] ] } },
{ "type": "Feature", "properties": { "id": 39, "Plot id": "39.2", "Name": null, "Village": "G Nittaput" }, "geometry": { "type": "MultiPolygon", "coordinates": [ [ [ [ 82.534185741043785, 18.038172750882346 ], [ 82.534440031674137, 18.038023493338443 ], [ 82.534346054702056, 18.037835539394269 ], [ 82.534191269100958, 18.037719450193457 ], [ 82.534113876300424, 18.037619945164188 ], [ 82.53408070795733, 18.037923988309174 ], [ 82.534113876300424, 18.038095358081804 ], [ 82.534185741043785, 18.038172750882346 ] ] ] ] } },
{ "type": "Feature", "properties": { "id": 222, "Plot id": "222", "Name": "pond", "Village": "G Nittaput" }, "geometry": { "type": "MultiPolygon", "coordinates": [ [ [ [ 82.535341104994714, 18.037807899108362 ], [ 82.535495890595797, 18.037807899108362 ], [ 82.53546825030989, 18.037664169621642 ], [ 82.535346633051901, 18.037697337964733 ], [ 82.535341104994714, 18.037807899108362 ] ] ] ] } },
{ "type": "Feature", "properties": { "id": 48, "Plot id": "48.6", "Name": null, "Village": "G Nittaput" }, "geometry": { "type": "MultiPolygon", "coordinates": [ [ [ [ 82.535097870478737, 18.039068296145757 ], [ 82.535761237340523, 18.038836117744133 ], [ 82.535603687710847, 18.038456063812895 ], [ 82.535280296365727, 18.038150638653619 ], [ 82.536070808542689, 18.037741562422184 ], [ 82.535678316482802, 18.037249565333028 ], [ 82.535457194195544, 18.037150060303755 ], [ 82.535258184137007, 18.037398822876927 ], [ 82.534843579848399, 18.037675225736006 ], [ 82.534594817275206, 18.037990324995356 ], [ 82.534583761160846, 18.038410457341154 ], [ 82.535097870478737, 18.039068296145757 ] ] ] ] } },
{ "type": "Feature", "properties": { "id": 27, "Plot id": "27.6", "Name": null, "Village": "G Nittaput" }, "geometry": { "type": "MultiPolygon", "coordinates": [ [ [ [ 82.534329470530494, 18.038847173858496 ], [ 82.534561648932126, 18.039057240031394 ], [ 82.534766187047836, 18.038919038601858 ], [ 82.534589289218033, 18.038670276028686 ], [ 82.534329470530494, 18.038847173858496 ] ] ] ] } },
{ "type": "Feature", "properties": { "id": 43, "Plot id": "43.8", "Name": null, "Village": "G Nittaput" }, "geometry": { "type": "MultiPolygon", "coordinates": [ [ [ [ 82.534721962590396, 18.039369575262153 ], [ 82.535003893506655, 18.039142924917709 ], [ 82.534766187047836, 18.038919038601858 ], [ 82.534561648932126, 18.039057240031394 ], [ 82.534721962590396, 18.039369575262153 ] ] ] ] } },
{ "type": "Feature", "properties": { "id": 43, "Plot id": "43.2", "Name": null, "Village": "G Nittaput" }, "geometry": { "type": "MultiPolygon", "coordinates": [ [ [ [ 82.534854635962759, 18.0395354169776 ], [ 82.535108926593111, 18.039281126347248 ], [ 82.535003893506655, 18.039142924917709 ], [ 82.534721962590396, 18.039369575262153 ], [ 82.534854635962759, 18.0395354169776 ] ] ] ] } },
{ "type": "Feature", "properties": { "id": 30, "Plot id": "30.7", "Name": null, "Village": "G Nittaput" }, "geometry": { "type": "MultiPolygon", "coordinates": [ [ [ [ 82.539818831311777, 18.040833128400973 ], [ 82.539918336341046, 18.041242204632407 ], [ 82.540062065827769, 18.041325125490129 ], [ 82.540509838459471, 18.041192452117773 ], [ 82.540968667205547, 18.041032138459506 ], [ 82.540700556432242, 18.040468276626974 ], [ 82.540241699506183, 18.040281660173793 ], [ 82.539995729141594, 18.040728786321679 ], [ 82.539818831311777, 18.040833128400973 ] ] ] ] } },
{ "type": "Feature", "properties": { "id": 25, "Plot id": "25.4", "Name": null, "Village": "G Nittaput" }, "geometry": { "type": "MultiPolygon", "coordinates": [ [ [ [ 82.539570068738627, 18.041448124762418 ], [ 82.53976907879715, 18.041437068648058 ], [ 82.539763550739977, 18.041271226932611 ], [ 82.539581124852987, 18.041265698875428 ], [ 82.539570068738627, 18.041448124762418 ] ] ] ] } },
{ "type": "Feature", "properties": { "id": 25, "Plot id": "25.8", "Name": null, "Village": "G Nittaput" }, "geometry": { "type": "MultiPolygon", "coordinates": [ [ [ [ 82.539243913364913, 18.041503405334236 ], [ 82.539592180967347, 18.041602910363505 ], [ 82.539570068738627, 18.041448124762418 ], [ 82.539581124852987, 18.041265698875428 ], [ 82.539592180967347, 18.041127497445888 ], [ 82.539243913364913, 18.041503405334236 ] ] ] ] } },
{ "type": "Feature", "properties": { "id": 26, "Plot id": "26.3", "Name": null, "Village": "G Nittaput" }, "geometry": { "type": "MultiPolygon", "coordinates": [ [ [ [ 82.539774606854337, 18.041730055678681 ], [ 82.540062065827783, 18.04155315784887 ], [ 82.540062065827783, 18.04155315784887 ], [ 82.540067593884956, 18.041409428362147 ], [ 82.53976907879715, 18.041437068648058 ], [ 82.539570068738627, 18.041448124762418 ], [ 82.539592180967347, 18.041602910363505 ], [ 82.539774606854337, 18.041730055678681 ] ] ] ] } },
{ "type": "Feature", "properties": { "id": 30, "Plot id": "30.6", "Name": null, "Village": "G Nittaput" }, "geometry": { "type": "MultiPolygon", "coordinates": [ [ [ [ 82.539697214053803, 18.042045154938027 ], [ 82.539962560798514, 18.041868257108217 ], [ 82.539774606854337, 18.041730055678681 ], [ 82.539592180967347, 18.041602910363505 ], [ 82.539243913364913, 18.041503405334236 ], [ 82.539254969479273, 18.041674775106863 ], [ 82.539697214053803, 18.042045154938027 ] ] ] ] } },
{ "type": "Feature", "properties": { "id": 29, "Plot id": "29.4", "Name": null, "Village": "G Nittaput" }, "geometry": { "type": "MultiPolygon", "coordinates": [ [ [ [ 82.5399072802267, 18.042398950597644 ], [ 82.540216851428866, 18.042155716081655 ], [ 82.540128402513972, 18.041945649908758 ], [ 82.539962560798514, 18.041868257108217 ], [ 82.539697214053803, 18.042045154938027 ], [ 82.5399072802267, 18.042398950597644 ] ] ] ] } },
{ "type": "Feature", "properties": { "id": 29, "Plot id": "29.5", "Name": null, "Village": "G Nittaput" }, "geometry": { "type": "MultiPolygon", "coordinates": [ [ [ [ 82.540167098914239, 18.041801920422039 ], [ 82.540128402513972, 18.041945649908758 ], [ 82.540216851428866, 18.042155716081655 ], [ 82.540085991677799, 18.042258534457496 ], [ 82.540200267257319, 18.042393422540464 ], [ 82.540443501773311, 18.042183356367563 ], [ 82.540454557887671, 18.041730055678677 ], [ 82.540167098914239, 18.041801920422039 ] ] ] ] } },
{ "type": "Feature", "properties": { "id": 29, "Plot id": "29.6", "Name": null, "Village": "G Nittaput" }, "geometry": { "type": "MultiPolygon", "coordinates": [ [ [ [ 82.540841521890385, 18.041812976536399 ], [ 82.541073700292017, 18.04206726716675 ], [ 82.541217429778726, 18.041940121851574 ], [ 82.540979723319921, 18.041713471507133 ], [ 82.540841521890385, 18.041812976536399 ] ] ] ] } },
{ "type": "Feature", "properties": { "id": 333, "Plot id": "333", "Name": "trench", "Village": "G Nittaput" }, "geometry": { "type": "MultiPolygon", "coordinates": [ [ [ [ 82.541637562124535, 18.042260749168108 ], [ 82.541941605269514, 18.042144659967292 ], [ 82.541488304580625, 18.041341709661673 ], [ 82.541294822579275, 18.040766791714791 ], [ 82.541322462865182, 18.040208457939453 ], [ 82.541374979408403, 18.039696421643001 ], [ 82.541247834093227, 18.039679837471457 ], [ 82.541187025464225, 18.039732354014681 ], [ 82.540996307491454, 18.039889903644358 ], [ 82.540697792403662, 18.039776578472136 ], [ 82.540559590974112, 18.04009236873863 ], [ 82.540681208232115, 18.040164233481988 ], [ 82.540700556432242, 18.040468276626974 ], [ 82.540700556432242, 18.040468276626974 ], [ 82.540968667205547, 18.041032138459506 ], [ 82.541173205321286, 18.041667865035382 ], [ 82.541637562124535, 18.042260749168108 ] ] ] ] } },
{ "type": "Feature", "properties": { "id": 444, "Plot id": "444", "Name": "Podu", "Village": "G Nittaput" }, "geometry": { "type": "MultiPolygon", "coordinates": [ [ [ [ 82.544125187856238, 18.043699426049606 ], [ 82.542621556302848, 18.040426816198124 ], [ 82.54242254624431, 18.038967409102192 ], [ 82.541515944866532, 18.039086262331594 ], [ 82.541441316094577, 18.039455951155606 ], [ 82.541374979408403, 18.039696421643001 ], [ 82.541294822579275, 18.040766791714791 ], [ 82.541488304580625, 18.041341709661673 ], [ 82.541941605269514, 18.042144659967292 ], [ 82.543395484308263, 18.044097446166678 ], [ 82.544125187856238, 18.043699426049606 ] ] ] ] } },
{ "type": "Feature", "properties": { "id": 555, "Plot id": "555", "Name": "Grazing land", "Village": "G Nittaput" }, "geometry": { "type": "MultiPolygon", "coordinates": [ [ [ [ 82.54286479081884, 18.039785561565065 ], [ 82.542562754818348, 18.039995605311766 ], [ 82.542621556302848, 18.040426816198124 ], [ 82.544125187856238, 18.043699426049606 ], [ 82.544589544659488, 18.043787874964512 ], [ 82.545717268324523, 18.04303605918782 ], [ 82.546203737356493, 18.041908335522781 ], [ 82.545496146037252, 18.041244968660994 ], [ 82.54405885117005, 18.04055948957048 ], [ 82.54286479081884, 18.039785561565065 ] ] ] ] } },
{ "type": "Feature", "properties": { "id": 12, "Plot id": "12.6", "Name": null, "Village": "G Nittaput" }, "geometry": { "type": "MultiPolygon", "coordinates": [ [ [ [ 82.544080963398784, 18.044722116628197 ], [ 82.544257861228587, 18.044478882112205 ], [ 82.543948290026421, 18.044290928168035 ], [ 82.543859841111512, 18.044545218798387 ], [ 82.544080963398784, 18.044722116628197 ] ] ] ] } },
{ "type": "Feature", "properties": { "id": 26, "Plot id": "26.2", "Name": null, "Village": "G Nittaput" }, "geometry": { "type": "MultiPolygon", "coordinates": [ [ [ [ 82.543506045451892, 18.04437937708294 ], [ 82.543649774938615, 18.044534162684023 ], [ 82.543859841111512, 18.044545218798387 ], [ 82.543948290026421, 18.044290928168035 ], [ 82.543848784997152, 18.044102974223861 ], [ 82.543550269909346, 18.044213535367494 ], [ 82.543506045451892, 18.04437937708294 ] ] ] ] } },
{ "type": "Feature", "properties": { "id": 14, "Plot id": "14.4", "Name": null, "Village": "G Nittaput" }, "geometry": { "type": "MultiPolygon", "coordinates": [ [ [ [ 82.542101918927784, 18.044235647596217 ], [ 82.542555219616673, 18.044014525308956 ], [ 82.54207980669905, 18.042919969987008 ], [ 82.541637562124535, 18.042260749168108 ], [ 82.541283766464915, 18.042477725412482 ], [ 82.541571225438346, 18.043483831819525 ], [ 82.542101918927784, 18.044235647596217 ] ] ] ] } },
{ "type": "Feature", "properties": { "id": 21, "Plot id": "21.7", "Name": null, "Village": "G Nittaput" }, "geometry": { "type": "MultiPolygon", "coordinates": [ [ [ [ 82.540952083034014, 18.043870795822237 ], [ 82.541206373664366, 18.043782346907332 ], [ 82.540952083034014, 18.042997362787549 ], [ 82.540653567946208, 18.043152148388632 ], [ 82.540952083034014, 18.043870795822237 ] ] ] ] } },
{ "type": "Feature", "properties": { "id": 27, "Plot id": "27.9", "Name": null, "Village": "G Nittaput" }, "geometry": { "type": "MultiPolygon", "coordinates": [ [ [ [ 82.54142010696431, 18.04360747420737 ], [ 82.541278115323792, 18.043184190125022 ], [ 82.541036587873649, 18.043258225553391 ], [ 82.541206373664366, 18.043782346907332 ], [ 82.54142010696431, 18.04360747420737 ] ] ] ] } },
{ "type": "Feature", "properties": { "id": 18, "Plot id": "18.8", "Name": null, "Village": "G Nittaput" }, "geometry": { "type": "MultiPolygon", "coordinates": [ [ [ [ 82.541214665750161, 18.042812172871969 ], [ 82.541278115323792, 18.043184190125022 ], [ 82.54142010696431, 18.04360747420737 ], [ 82.541571225438346, 18.043483831819525 ], [ 82.541370859441258, 18.042782550829713 ], [ 82.541214665750161, 18.042812172871969 ] ] ] ] } },
{ "type": "Feature", "properties": { "id": 28, "Plot id": "28.7", "Name": null, "Village": "G Nittaput" }, "geometry": { "type": "MultiPolygon", "coordinates": [ [ [ [ 82.540938262891075, 18.04289509372969 ], [ 82.540952083034014, 18.042997362787549 ], [ 82.541036587873649, 18.043258225553391 ], [ 82.541278115323792, 18.043184190125022 ], [ 82.541214665750161, 18.042812172871969 ], [ 82.540938262891075, 18.04289509372969 ] ] ] ] } },
{ "type": "Feature", "properties": { "id": 15, "Plot id": "15.6", "Name": null, "Village": "G Nittaput" }, "geometry": { "type": "MultiPolygon", "coordinates": [ [ [ [ 82.541645854210316, 18.044194187167356 ], [ 82.541958444778587, 18.044032392551518 ], [ 82.541571225438346, 18.043483831819525 ], [ 82.54142010696431, 18.04360747420737 ], [ 82.541206373664366, 18.043782346907332 ], [ 82.541645854210316, 18.044194187167356 ] ] ] ] } },
{ "type": "Feature", "properties": { "id": 25, "Plot id": "25.6", "Name": null, "Village": "G Nittaput" }, "geometry": { "type": "MultiPolygon", "coordinates": [ [ [ [ 82.542397669987011, 18.044824385686056 ], [ 82.542723825360724, 18.044614319513155 ], [ 82.542452950558825, 18.044420837511801 ], [ 82.542707241189177, 18.044321332482532 ], [ 82.542555219616673, 18.044014525308956 ], [ 82.542101918927784, 18.044235647596217 ], [ 82.541958444778587, 18.044032392551518 ], [ 82.541645854210316, 18.044194187167356 ], [ 82.542397669987011, 18.044824385686056 ] ] ] ] } },
{ "type": "Feature", "properties": { "id": 34, "Plot id": "34.7", "Name": null, "Village": "G Nittaput" }, "geometry": { "type": "MultiPolygon", "coordinates": [ [ [ [ 82.542159963528192, 18.045012339630226 ], [ 82.542397669987011, 18.044824385686056 ], [ 82.541645854210316, 18.044194187167356 ], [ 82.541206373664366, 18.043782346907332 ], [ 82.540952083034014, 18.043870795822237 ], [ 82.542159963528192, 18.045012339630226 ] ] ] ] } },
{ "type": "Feature", "properties": { "id": 16, "Plot id": "16.6", "Name": null, "Village": "G Nittaput" }, "geometry": { "type": "MultiPolygon", "coordinates": [ [ [ [ 82.540390985230104, 18.043221249103404 ], [ 82.540938262891075, 18.04452034254107 ], [ 82.541120688778065, 18.044470590026435 ], [ 82.541286530493508, 18.044923890715324 ], [ 82.541832663989851, 18.044703015352582 ], [ 82.540952083034014, 18.043870795822237 ], [ 82.540653567946208, 18.043152148388632 ], [ 82.540390985230104, 18.043221249103404 ] ] ] ] } },
{ "type": "Feature", "properties": { "id": 28, "Plot id": "28.6", "Name": null, "Village": "G Nittaput" }, "geometry": { "type": "MultiPolygon", "coordinates": [ [ [ [ 82.540573411117094, 18.044481646140799 ], [ 82.54087496397544, 18.044370087539303 ], [ 82.540657596458601, 18.043854114140746 ], [ 82.540501546373733, 18.043956480708552 ], [ 82.540573411117094, 18.044481646140799 ] ] ] ] } },
{ "type": "Feature", "properties": { "id": 27, "Plot id": "27.8", "Name": null, "Village": "G Nittaput" }, "geometry": { "type": "MultiPolygon", "coordinates": [ [ [ [ 82.540363344944197, 18.044426365568981 ], [ 82.540573411117094, 18.044481646140799 ], [ 82.540519063111802, 18.044084487640642 ], [ 82.540324648543915, 18.044144434652722 ], [ 82.540363344944197, 18.044426365568981 ] ] ] ] } },
{ "type": "Feature", "properties": { "id": 18, "Plot id": "18.7", "Name": null, "Village": "G Nittaput" }, "geometry": { "type": "MultiPolygon", "coordinates": [ [ [ [ 82.540208559343114, 18.043973064880095 ], [ 82.540324648543915, 18.044144434652722 ], [ 82.540519063111802, 18.044084487640642 ], [ 82.540501546373733, 18.043956480708552 ], [ 82.540657596458601, 18.043854114140746 ], [ 82.540523658602453, 18.043735358421287 ], [ 82.540208559343114, 18.043973064880095 ] ] ] ] } },
{ "type": "Feature", "properties": { "id": 31, "Plot id": "31.2", "Name": null, "Village": "G Nittaput" }, "geometry": { "type": "MultiPolygon", "coordinates": [ [ [ [ 82.540142222656925, 18.04335392247576 ], [ 82.54016433488566, 18.043453427505028 ], [ 82.540319120486743, 18.043492123905299 ], [ 82.54044955032235, 18.043791264667682 ], [ 82.540523658602453, 18.043735358421287 ], [ 82.540396513287277, 18.043431315276301 ], [ 82.540142222656925, 18.04335392247576 ] ] ] ] } },
{ "type": "Feature", "properties": { "id": 27, "Plot id": "27.2", "Name": null, "Village": "G Nittaput" }, "geometry": { "type": "MultiPolygon", "coordinates": [ [ [ [ 82.540169862942832, 18.043243361332131 ], [ 82.540142222656925, 18.04335392247576 ], [ 82.540396513287277, 18.043431315276301 ], [ 82.540390985230104, 18.043221249103404 ], [ 82.540169862942832, 18.043243361332131 ] ] ] ] } },
{ "type": "Feature", "properties": { "id": 32, "Plot id": "32.3", "Name": null, "Village": "G Nittaput" }, "geometry": { "type": "MultiPolygon", "coordinates": [ [ [ [ 82.540086942085111, 18.043657965620746 ], [ 82.540225143514647, 18.043602685048931 ], [ 82.540345403156408, 18.043869831827955 ], [ 82.54044955032235, 18.043791264667682 ], [ 82.540319120486743, 18.043492123905299 ], [ 82.54016433488566, 18.043453427505028 ], [ 82.539981908998669, 18.04353082030557 ], [ 82.540086942085111, 18.043657965620746 ] ] ] ] } },
{ "type": "Feature", "properties": { "id": 26, "Plot id": "26.1", "Name": null, "Village": "G Nittaput" }, "geometry": { "type": "MultiPolygon", "coordinates": [ [ [ [ 82.540086942085111, 18.043657965620746 ], [ 82.540086942085111, 18.043657965620746 ], [ 82.540208559343114, 18.043973064880095 ], [ 82.540345403156408, 18.043869831827955 ], [ 82.540225143514647, 18.043602685048931 ], [ 82.540086942085111, 18.043657965620746 ] ] ] ] } },
{ "type": "Feature", "properties": { "id": 17, "Plot id": "17.5", "Name": null, "Village": "G Nittaput" }, "geometry": { "type": "MultiPolygon", "coordinates": [ [ [ [ 82.53972209031113, 18.043624797277658 ], [ 82.539865819797853, 18.04370771813538 ], [ 82.539981908998669, 18.04353082030557 ], [ 82.54016433488566, 18.043453427505028 ], [ 82.540142222656925, 18.04335392247576 ], [ 82.539805011168852, 18.043420259161937 ], [ 82.53972209031113, 18.043624797277658 ] ] ] ] } },
{ "type": "Feature", "properties": { "id": 31, "Plot id": "31/3", "Name": null, "Village": "G Nittaput" }, "geometry": { "type": "MultiPolygon", "coordinates": [ [ [ [ 82.539898988140948, 18.043962008765732 ], [ 82.539843707569119, 18.04402281739473 ], [ 82.540042717627657, 18.044177602995813 ], [ 82.540037189570484, 18.044011761280366 ], [ 82.539898988140948, 18.043962008765732 ] ] ] ] } },
{ "type": "Feature", "properties": { "id": 25, "Plot id": "25.1", "Name": null, "Village": "G Nittaput" }, "geometry": { "type": "MultiPolygon", "coordinates": [ [ [ [ 82.539655753624956, 18.044266051910718 ], [ 82.539882403969401, 18.044293692196625 ], [ 82.539854763683493, 18.044476118083615 ], [ 82.539921100369668, 18.044514814483886 ], [ 82.540004021227389, 18.044398725283074 ], [ 82.540225143514647, 18.04437661305435 ], [ 82.540208559343114, 18.043973064880095 ], [ 82.540086942085111, 18.043657965620746 ], [ 82.539981908998669, 18.04353082030557 ], [ 82.539865819797853, 18.04370771813538 ], [ 82.539898988140948, 18.043962008765732 ], [ 82.540037189570484, 18.044011761280366 ], [ 82.540042717627657, 18.044177602995813 ], [ 82.539843707569119, 18.04402281739473 ], [ 82.539655753624956, 18.044266051910718 ] ] ] ] } },
{ "type": "Feature", "properties": { "id": 25, "Plot id": "25.10", "Name": null, "Village": "G Nittaput" }, "geometry": { "type": "MultiPolygon", "coordinates": [ [ [ [ 82.539854763683493, 18.044835441800419 ], [ 82.540031661513297, 18.04488519431505 ], [ 82.540214087400287, 18.044476118083615 ], [ 82.540225143514647, 18.04437661305435 ], [ 82.540004021227389, 18.044398725283074 ], [ 82.539854763683493, 18.044835441800419 ] ] ] ] } },
{ "type": "Feature", "properties": { "id": 26, "Plot id": "26.5", "Name": null, "Village": "G Nittaput" }, "geometry": { "type": "MultiPolygon", "coordinates": [ [ [ [ 82.540330176601103, 18.0450510360305 ], [ 82.54087496397544, 18.044370087539303 ], [ 82.540573411117094, 18.044481646140799 ], [ 82.540363344944197, 18.044426365568981 ], [ 82.540225143514647, 18.04437661305435 ], [ 82.540214087400287, 18.044476118083615 ], [ 82.540031661513297, 18.04488519431505 ], [ 82.540330176601103, 18.0450510360305 ] ] ] ] } },
{ "type": "Feature", "properties": { "id": 17, "Plot id": "17.8", "Name": null, "Village": "G Nittaput" }, "geometry": { "type": "MultiPolygon", "coordinates": [ [ [ [ 82.540739252832537, 18.045699200735037 ], [ 82.541087520434971, 18.04553888707677 ], [ 82.540827701747446, 18.045129810845335 ], [ 82.540976959291342, 18.044925272729618 ], [ 82.540681691770615, 18.044611665120691 ], [ 82.540330176601103, 18.0450510360305 ], [ 82.540739252832537, 18.045699200735037 ] ] ] ] } },
{ "type": "Feature", "properties": { "id": 13, "Plot id": "13.7", "Name": null, "Village": "G Nittaput" }, "geometry": { "type": "MultiPolygon", "coordinates": [ [ [ [ 82.541573989466954, 18.045373045361323 ], [ 82.542159963528192, 18.045012339630226 ], [ 82.541832663989851, 18.044703015352582 ], [ 82.541286530493508, 18.044923890715324 ], [ 82.541120688778065, 18.044470590026435 ], [ 82.540938262891075, 18.04452034254107 ], [ 82.54087496397544, 18.044370087539303 ], [ 82.540681691770615, 18.044611665120691 ], [ 82.540976959291342, 18.044925272729618 ], [ 82.540827701747446, 18.045129810845335 ], [ 82.541087520434971, 18.04553888707677 ], [ 82.541573989466954, 18.045373045361323 ] ] ] ] } },
{ "type": "Feature", "properties": { "id": 14, "Plot id": "14.7", "Name": null, "Village": "G Nittaput" }, "geometry": { "type": "MultiPolygon", "coordinates": [ [ [ [ 82.542320277186462, 18.045268012274875 ], [ 82.541972009584029, 18.045573437434157 ], [ 82.541695606724943, 18.04568952663497 ], [ 82.5418614484404, 18.045910648922231 ], [ 82.542027290155843, 18.045859514393303 ], [ 82.542580095874001, 18.04553335901959 ], [ 82.542320277186462, 18.045268012274875 ] ] ] ] } },
{ "type": "Feature", "properties": { "id": 12, "Plot id": "12.7", "Name": null, "Village": "G Nittaput" }, "geometry": { "type": "MultiPolygon", "coordinates": [ [ [ [ 82.541352867179697, 18.046082018694857 ], [ 82.5418614484404, 18.045910648922231 ], [ 82.541695606724943, 18.04568952663497 ], [ 82.541573989466954, 18.045373045361323 ], [ 82.541087520434971, 18.04553888707677 ], [ 82.541352867179697, 18.046082018694857 ] ] ] ] } },
{ "type": "Feature", "properties": { "id": 17, "Plot id": "17.9", "Name": null, "Village": "G Nittaput" }, "geometry": { "type": "MultiPolygon", "coordinates": [ [ [ [ 82.540965903176982, 18.046264444581851 ], [ 82.541352867179697, 18.046082018694857 ], [ 82.541087520434971, 18.04553888707677 ], [ 82.540739252832537, 18.045699200735037 ], [ 82.540965903176982, 18.046264444581851 ] ] ] ] } },
{ "type": "Feature", "properties": { "id": 18, "Plot id": "18.3", "Name": null, "Village": "G Nittaput" }, "geometry": { "type": "MultiPolygon", "coordinates": [ [ [ [ 82.539860291740666, 18.045435236004618 ], [ 82.54037992911573, 18.045999097837136 ], [ 82.540739252832537, 18.045699200735037 ], [ 82.540330176601103, 18.0450510360305 ], [ 82.540125638485378, 18.044937710858278 ], [ 82.539860291740666, 18.045435236004618 ] ] ] ] } },
{ "type": "Feature", "properties": { "id": 15, "Plot id": "15.1", "Name": null, "Village": "G Nittaput" }, "geometry": { "type": "MultiPolygon", "coordinates": [ [ [ [ 82.539589416938767, 18.044401489311664 ], [ 82.539854763683493, 18.044476118083615 ], [ 82.539882403969401, 18.044293692196625 ], [ 82.539655753624956, 18.044266051910718 ], [ 82.539589416938767, 18.044401489311664 ] ] ] ] } },
{ "type": "Feature", "properties": { "id": 21, "Plot id": "21.7", "Name": null, "Village": "G Nittaput" }, "geometry": { "type": "MultiPolygon", "coordinates": [ [ [ [ 82.539782898940118, 18.044827149714646 ], [ 82.539854763683493, 18.044835441800419 ], [ 82.539921100369668, 18.044514814483886 ], [ 82.539854763683493, 18.044476118083615 ], [ 82.539782898940118, 18.044827149714646 ] ] ] ] } },
{ "type": "Feature", "properties": { "id": 14, "Plot id": "14.2", "Name": null, "Village": "G Nittaput" }, "geometry": { "type": "MultiPolygon", "coordinates": [ [ [ [ 82.539617057224675, 18.044727644685377 ], [ 82.539782898940118, 18.044827149714646 ], [ 82.539833557062707, 18.044579704269768 ], [ 82.539738674482663, 18.04452863462684 ], [ 82.539655753624942, 18.044572859084294 ], [ 82.539617057224675, 18.044727644685377 ] ] ] ] } },
{ "type": "Feature", "properties": { "id": 13, "Plot id": "13.5", "Name": null, "Village": "G Nittaput" }, "geometry": { "type": "MultiPolygon", "coordinates": [ [ [ [ 82.539180340707333, 18.044893486400824 ], [ 82.539340654365603, 18.044943238915458 ], [ 82.539489911909499, 18.044849261943369 ], [ 82.539628113339035, 18.044926654743911 ], [ 82.539782898940118, 18.044827149714646 ], [ 82.539617057224675, 18.044727644685377 ], [ 82.539655753624942, 18.044572859084294 ], [ 82.539738674482663, 18.04452863462684 ], [ 82.539833557062707, 18.044579704269768 ], [ 82.539854763683493, 18.044476118083615 ], [ 82.539589416938767, 18.044401489311664 ], [ 82.539357238537136, 18.044473354055025 ], [ 82.53936829465151, 18.044688948285106 ], [ 82.539180340707333, 18.044893486400824 ] ] ] ] } },
{ "type": "Feature", "properties": { "id": 36, "Plot id": "36.7", "Name": null, "Village": "G Nittaput" }, "geometry": { "type": "MultiPolygon", "coordinates": [ [ [ [ 82.539384878823057, 18.043306933989715 ], [ 82.53923009322196, 18.044003469194593 ], [ 82.539357238537136, 18.044473354055025 ], [ 82.539589416938767, 18.044401489311664 ], [ 82.539655753624956, 18.044266051910718 ], [ 82.539843707569119, 18.04402281739473 ], [ 82.539898988140948, 18.043962008765732 ], [ 82.539865819797853, 18.04370771813538 ], [ 82.53972209031113, 18.043624797277658 ], [ 82.539523080252593, 18.043588864905974 ], [ 82.539384878823057, 18.043306933989715 ] ] ] ] } },
{ "type": "Feature", "properties": { "id": 13, "Plot id": "13.8", "Name": null, "Village": "G Nittaput" }, "geometry": { "type": "MultiPolygon", "coordinates": [ [ [ [ 82.539307486022523, 18.042773476471698 ], [ 82.539384878823057, 18.043306933989715 ], [ 82.539523080252593, 18.043588864905974 ], [ 82.53972209031113, 18.043624797277658 ], [ 82.539805011168852, 18.043420259161937 ], [ 82.540142222656925, 18.04335392247576 ], [ 82.540169862942832, 18.043243361332131 ], [ 82.540020605398936, 18.042978014587415 ], [ 82.539666809739316, 18.04270713978552 ], [ 82.539307486022523, 18.042773476471698 ] ] ] ] } },
{ "type": "Feature", "properties": { "id": 25, "Plot id": "25.5", "Name": null, "Village": "G Nittaput" }, "geometry": { "type": "MultiPolygon", "coordinates": [ [ [ [ 82.538533558017093, 18.043160440474406 ], [ 82.538826545047726, 18.043624797277658 ], [ 82.539384878823057, 18.043306933989715 ], [ 82.539333304649844, 18.042951440581515 ], [ 82.538992386763169, 18.042989070701779 ], [ 82.538533558017093, 18.043160440474406 ] ] ] ] } },
{ "type": "Feature", "properties": { "id": 26, "Plot id": "26.5", "Name": null, "Village": "G Nittaput" }, "geometry": { "type": "MultiPolygon", "coordinates": [ [ [ [ 82.539158228478613, 18.042740308128607 ], [ 82.53915270042144, 18.042872981500967 ], [ 82.539333304649844, 18.042951440581515 ], [ 82.539307486022523, 18.042773476471698 ], [ 82.539158228478613, 18.042740308128607 ] ] ] ] } },
{ "type": "Feature", "properties": { "id": 15, "Plot id": "15.5", "Name": null, "Village": "G Nittaput" }, "geometry": { "type": "MultiPolygon", "coordinates": [ [ [ [ 82.538544614131467, 18.043669021735109 ], [ 82.538826545047726, 18.043624797277658 ], [ 82.538533558017093, 18.043160440474406 ], [ 82.538329019901383, 18.043259945503674 ], [ 82.538544614131467, 18.043669021735109 ] ] ] ] } },
{ "type": "Feature", "properties": { "id": 101, "Plot id": "101", "Name": null, "Village": "G Nittaput" }, "geometry": { "type": "MultiPolygon", "coordinates": [ [ [ [ 82.537997336470482, 18.043403674990394 ], [ 82.538063673156671, 18.043724302306924 ], [ 82.538544614131467, 18.043669021735109 ], [ 82.538329019901383, 18.043259945503674 ], [ 82.537997336470482, 18.043403674990394 ] ] ] ] } },
{ "type": "Feature", "properties": { "id": 35, "Plot id": "35.7", "Name": null, "Village": "G Nittaput" }, "geometry": { "type": "MultiPolygon", "coordinates": [ [ [ [ 82.538511445788373, 18.044044929623457 ], [ 82.53923009322196, 18.044003469194593 ], [ 82.539384878823057, 18.043306933989715 ], [ 82.538826545047726, 18.043624797277658 ], [ 82.538544614131467, 18.043669021735109 ], [ 82.53839962318952, 18.043685687360618 ], [ 82.538511445788373, 18.044044929623457 ] ] ] ] } },
{ "type": "Feature", "properties": { "id": 34, "Plot id": "34.8", "Name": null, "Village": "G Nittaput" }, "geometry": { "type": "MultiPolygon", "coordinates": [ [ [ [ 82.537566148010328, 18.044354500825623 ], [ 82.537942055898668, 18.044177602995813 ], [ 82.538511445788373, 18.044044929623457 ], [ 82.53839962318952, 18.043685687360618 ], [ 82.538063673156671, 18.043724302306924 ], [ 82.537803854469132, 18.043807223164649 ], [ 82.537328441551523, 18.043978592937275 ], [ 82.537566148010328, 18.044354500825623 ] ] ] ] } },
{ "type": "Feature", "properties": { "id": 14, "Plot id": "14.2", "Name": null, "Village": "G Nittaput" }, "geometry": { "type": "MultiPolygon", "coordinates": [ [ [ [ 82.538141065957205, 18.044653015913426 ], [ 82.538594366646095, 18.044680656199336 ], [ 82.538511445788373, 18.044044929623457 ], [ 82.537942055898668, 18.044177602995813 ], [ 82.538141065957205, 18.044653015913426 ] ] ] ] } },
{ "type": "Feature", "properties": { "id": 12, "Plot id": "12.5", "Name": null, "Village": "G Nittaput" }, "geometry": { "type": "MultiPolygon", "coordinates": [ [ [ [ 82.539273472501208, 18.044163783922258 ], [ 82.53923009322196, 18.044003469194593 ], [ 82.538511445788373, 18.044044929623457 ], [ 82.538531944810828, 18.044202088795561 ], [ 82.539273472501208, 18.044163783922258 ] ] ] ] } },
{ "type": "Feature", "properties": { "id": 11, "Plot id": "11.4", "Name": null, "Village": "G Nittaput" }, "geometry": { "type": "MultiPolygon", "coordinates": [ [ [ [ 82.538567055166567, 18.044471268189586 ], [ 82.538903937848261, 18.044360028882803 ], [ 82.538886245305747, 18.044183786801252 ], [ 82.538531944810828, 18.044202088795561 ], [ 82.538567055166567, 18.044471268189586 ] ] ] ] } },
{ "type": "Feature", "properties": { "id": 17, "Plot id": "17.6", "Name": null, "Village": "G Nittaput" }, "geometry": { "type": "MultiPolygon", "coordinates": [ [ [ [ 82.538876297562354, 18.04470276842806 ], [ 82.539335405420402, 18.044392666449706 ], [ 82.539273472501208, 18.044163783922258 ], [ 82.538886245305747, 18.044183786801252 ], [ 82.538903937848261, 18.044360028882803 ], [ 82.538567055166567, 18.044471268189586 ], [ 82.538594366646095, 18.044680656199336 ], [ 82.538876297562354, 18.04470276842806 ] ] ] ] } },
{ "type": "Feature", "properties": { "id": 29, "Plot id": "29.7", "Name": null, "Village": "G Nittaput" }, "geometry": { "type": "MultiPolygon", "coordinates": [ [ [ [ 82.53871045584691, 18.044990227401502 ], [ 82.53936330308774, 18.044591612791724 ], [ 82.539357238537136, 18.044473354055025 ], [ 82.539335405420402, 18.044392666449706 ], [ 82.538876297562354, 18.04470276842806 ], [ 82.538594366646095, 18.044680656199336 ], [ 82.53871045584691, 18.044990227401502 ] ] ] ] } },
{ "type": "Feature", "properties": { "id": 30, "Plot id": "30.7", "Name": null, "Village": "G Nittaput" }, "geometry": { "type": "MultiPolygon", "coordinates": [ [ [ [ 82.53819634652902, 18.044852025971963 ], [ 82.53871045584691, 18.044990227401502 ], [ 82.538594366646095, 18.044680656199336 ], [ 82.538141065957205, 18.044653015913426 ], [ 82.53819634652902, 18.044852025971963 ] ] ] ] } },
{ "type": "Feature", "properties": { "id": 9, "Plot id": "9.2", "Name": null, "Village": "G Nittaput" }, "geometry": { "type": "MultiPolygon", "coordinates": [ [ [ [ 82.537262104865349, 18.04451481448389 ], [ 82.537566148010328, 18.044354500825623 ], [ 82.537328441551523, 18.043978592937275 ], [ 82.537239992636614, 18.04405598573782 ], [ 82.537190240121987, 18.044315804425352 ], [ 82.537262104865349, 18.04451481448389 ] ] ] ] } },
{ "type": "Feature", "properties": { "id": 2, "Plot id": "2.3", "Name": null, "Village": "G Nittaput" }, "geometry": { "type": "MultiPolygon", "coordinates": [ [ [ [ 82.536963589777542, 18.044686184256516 ], [ 82.537262104865349, 18.04451481448389 ], [ 82.537190240121987, 18.044315804425352 ], [ 82.536825388348007, 18.044459533912072 ], [ 82.536963589777542, 18.044686184256516 ] ] ] ] } },
{ "type": "Feature", "properties": { "id": 2, "Plot id": "2.4", "Name": null, "Village": "G Nittaput" }, "geometry": { "type": "MultiPolygon", "coordinates": [ [ [ [ 82.536803276119272, 18.045067620202044 ], [ 82.536963589777542, 18.04505656408768 ], [ 82.536963589777542, 18.044686184256516 ], [ 82.536825388348007, 18.044459533912072 ], [ 82.536587681889202, 18.04452034254107 ], [ 82.536665074689736, 18.044802273457329 ], [ 82.536764579719005, 18.04487413820069 ], [ 82.536803276119272, 18.045067620202044 ] ] ] ] } },
{ "type": "Feature", "properties": { "id": 4, "Plot id": "4.1", "Name": null, "Village": "G Nittaput" }, "geometry": { "type": "MultiPolygon", "coordinates": [ [ [ [ 82.536206245943674, 18.044442949740528 ], [ 82.536399727945025, 18.045111844659495 ], [ 82.536709299147191, 18.04519476551722 ], [ 82.536792220004912, 18.045156069116949 ], [ 82.536803276119272, 18.045067620202044 ], [ 82.536803276119272, 18.045067620202044 ], [ 82.536764579719005, 18.04487413820069 ], [ 82.536665074689736, 18.044802273457329 ], [ 82.536587681889202, 18.04452034254107 ], [ 82.536471592688386, 18.044293692196625 ], [ 82.536206245943674, 18.044442949740528 ] ] ] ] } },
{ "type": "Feature", "properties": { "id": 15, "Plot id": "15.4", "Name": null, "Village": "G Nittaput" }, "geometry": { "type": "MultiPolygon", "coordinates": [ [ [ [ 82.537621428582142, 18.0452002935744 ], [ 82.537942055898682, 18.045117372716678 ], [ 82.538389828530384, 18.045001283515866 ], [ 82.538389828530384, 18.045001283515866 ], [ 82.53819634652902, 18.044852025971963 ], [ 82.538141065957205, 18.044653015913426 ], [ 82.537942055898668, 18.044177602995813 ], [ 82.537566148010328, 18.044354500825623 ], [ 82.537262104865349, 18.04451481448389 ], [ 82.537621428582142, 18.0452002935744 ] ] ] ] } },
{ "type": "Feature", "properties": { "id": 2, "Plot id": "2.2", "Name": null, "Village": "G Nittaput" }, "geometry": { "type": "MultiPolygon", "coordinates": [ [ [ [ 82.536875140862634, 18.045415887804481 ], [ 82.537195768179174, 18.045349551118303 ], [ 82.537621428582142, 18.0452002935744 ], [ 82.537262104865349, 18.04451481448389 ], [ 82.536963589777542, 18.044686184256516 ], [ 82.536963589777542, 18.04505656408768 ], [ 82.536803276119272, 18.045067620202044 ], [ 82.536792220004912, 18.045156069116949 ], [ 82.536709299147191, 18.04519476551722 ], [ 82.536471592688386, 18.045332966946759 ], [ 82.53650476103148, 18.045454584204752 ], [ 82.536875140862634, 18.045415887804481 ] ] ] ] } },
{ "type": "Feature", "properties": { "id": 30, "Plot id": "30.4", "Name": null, "Village": "G Nittaput" }, "geometry": { "type": "MultiPolygon", "coordinates": [ [ [ [ 82.537962786113098, 18.04519752954581 ], [ 82.538107897614125, 18.045256956160511 ], [ 82.538196346529034, 18.045207203645877 ], [ 82.538521036411069, 18.045303471608108 ], [ 82.538577782474562, 18.045222405803127 ], [ 82.53871045584691, 18.044990227401502 ], [ 82.538389828530384, 18.045001283515866 ], [ 82.537942055898682, 18.045117372716678 ], [ 82.537962786113098, 18.04519752954581 ] ] ] ] } },
{ "type": "Feature", "properties": { "id": 15, "Plot id": "15.2", "Name": null, "Village": "G Nittaput" }, "geometry": { "type": "MultiPolygon", "coordinates": [ [ [ [ 82.538715983904098, 18.045216877745947 ], [ 82.538909465905448, 18.045233461917491 ], [ 82.538959218420089, 18.045277686374941 ], [ 82.539196924878894, 18.045272158317761 ], [ 82.539451215509246, 18.045327438889576 ], [ 82.539628113339035, 18.044926654743911 ], [ 82.539489911909499, 18.044849261943369 ], [ 82.539340654365603, 18.044943238915458 ], [ 82.539180340707333, 18.044893486400824 ], [ 82.53936829465151, 18.044688948285106 ], [ 82.53936330308774, 18.044591612791724 ], [ 82.53871045584691, 18.044990227401502 ], [ 82.538715983904098, 18.045216877745947 ] ] ] ] } },
{ "type": "Feature", "properties": { "id": 26, "Plot id": "26.2", "Name": null, "Village": "G Nittaput" }, "geometry": { "type": "MultiPolygon", "coordinates": [ [ [ [ 82.538749152247192, 18.045332966946759 ], [ 82.538959218420089, 18.045360607232666 ], [ 82.538959218420089, 18.045277686374941 ], [ 82.538909465905448, 18.045233461917491 ], [ 82.538715983904098, 18.045216877745947 ], [ 82.538749152247192, 18.045332966946759 ] ] ] ] } },
{ "type": "Feature", "properties": { "id": 29, "Plot id": "29.2", "Name": null, "Village": "G Nittaput" }, "geometry": { "type": "MultiPolygon", "coordinates": [ [ [ [ 82.538522501902747, 18.045637010091745 ], [ 82.538749152247192, 18.045460112261935 ], [ 82.538749152247192, 18.045460112261935 ], [ 82.538843129219273, 18.045426943918844 ], [ 82.538851253845181, 18.045346401367546 ], [ 82.538749152247192, 18.045332966946759 ], [ 82.538715983904098, 18.045216877745947 ], [ 82.538577782474562, 18.045222405803127 ], [ 82.538422996873479, 18.045443528090388 ], [ 82.538522501902747, 18.045637010091745 ] ] ] ] } },
{ "type": "Feature", "properties": { "id": 30, "Plot id": "30.5", "Name": null, "Village": "G Nittaput" }, "geometry": { "type": "MultiPolygon", "coordinates": [ [ [ [ 82.538782320590272, 18.045649448220402 ], [ 82.539025555106264, 18.045583111534224 ], [ 82.539263261565068, 18.045627335991675 ], [ 82.539451215509246, 18.045327438889576 ], [ 82.539196924878894, 18.045272158317761 ], [ 82.538959218420089, 18.045277686374941 ], [ 82.538959218420089, 18.045360607232666 ], [ 82.538851253845181, 18.045346401367546 ], [ 82.538851253845181, 18.045346401367546 ], [ 82.538843129219273, 18.045426943918844 ], [ 82.538621205823546, 18.045559972885268 ], [ 82.538782320590272, 18.045649448220402 ] ] ] ] } },
{ "type": "Feature", "properties": { "id": 18, "Plot id": "18.2", "Name": null, "Village": "G Nittaput" }, "geometry": { "type": "MultiPolygon", "coordinates": [ [ [ [ 82.538715983904098, 18.045876098564847 ], [ 82.538809960876179, 18.045809761878669 ], [ 82.538782320590272, 18.045649448220402 ], [ 82.538782320590272, 18.045649448220402 ], [ 82.538610950817642, 18.0457102568494 ], [ 82.538715983904098, 18.045876098564847 ] ] ] ] } },
{ "type": "Feature", "properties": { "id": 28, "Plot id": "28.5", "Name": null, "Village": "G Nittaput" }, "geometry": { "type": "MultiPolygon", "coordinates": [ [ [ [ 82.538522501902747, 18.045637010091745 ], [ 82.538610950817642, 18.0457102568494 ], [ 82.538782320590272, 18.045649448220402 ], [ 82.538621205823546, 18.045559972885268 ], [ 82.538522501902747, 18.045637010091745 ] ] ] ] } },
{ "type": "Feature", "properties": { "id": 25, "Plot id": "25.3", "Name": null, "Village": "G Nittaput" }, "geometry": { "type": "MultiPolygon", "coordinates": [ [ [ [ 82.538312435729836, 18.04536889931844 ], [ 82.538392592558964, 18.045399303632937 ], [ 82.538491170061874, 18.045346137821259 ], [ 82.538521036411069, 18.045303471608108 ], [ 82.538328660459385, 18.045246433671679 ], [ 82.538312435729836, 18.04536889931844 ] ] ] ] } },
{ "type": "Feature", "properties": { "id": 28, "Plot id": "28.2", "Name": null, "Village": "G Nittaput" }, "geometry": { "type": "MultiPolygon", "coordinates": [ [ [ [ 82.538165942214519, 18.045316382775216 ], [ 82.538312435729836, 18.04536889931844 ], [ 82.538328660459385, 18.045246433671679 ], [ 82.538196346529034, 18.045207203645877 ], [ 82.538107897614125, 18.045256956160511 ], [ 82.538165942214519, 18.045316382775216 ] ] ] ] } },
{ "type": "Feature", "properties": { "id": 27, "Plot id": "27.3", "Name": null, "Village": "G Nittaput" }, "geometry": { "type": "MultiPolygon", "coordinates": [ [ [ [ 82.539202452936067, 18.045813907921556 ], [ 82.539207980993254, 18.0458608964076 ], [ 82.539285373793803, 18.045822200007326 ], [ 82.539263261565068, 18.045627335991675 ], [ 82.539025555106264, 18.045583111534224 ], [ 82.539025555106264, 18.045583111534224 ], [ 82.538782320590272, 18.045649448220402 ], [ 82.538809960876179, 18.045809761878669 ], [ 82.539202452936067, 18.045813907921556 ] ] ] ] } },
{ "type": "Feature", "properties": { "id": 31, "Plot id": "31.5", "Name": null, "Village": "G Nittaput" }, "geometry": { "type": "MultiPolygon", "coordinates": [ [ [ [ 82.538782320590272, 18.046120715095132 ], [ 82.538956454391496, 18.046010153951499 ], [ 82.539075307620891, 18.046004625894319 ], [ 82.539207980993254, 18.0458608964076 ], [ 82.539202452936067, 18.045813907921556 ], [ 82.538809960876179, 18.045809761878669 ], [ 82.538715983904098, 18.045876098564847 ], [ 82.538782320590272, 18.046120715095132 ] ] ] ] } },
{ "type": "Feature", "properties": { "id": 27, "Plot id": "27.4", "Name": null, "Village": "G Nittaput" }, "geometry": { "type": "MultiPolygon", "coordinates": [ [ [ [ 82.537758247997388, 18.045288742489308 ], [ 82.537905000088301, 18.045252121118057 ], [ 82.537962786113098, 18.04519752954581 ], [ 82.537942055898682, 18.045117372716678 ], [ 82.537711390049878, 18.045177027677571 ], [ 82.537758247997388, 18.045288742489308 ] ] ] ] } },
{ "type": "Feature", "properties": { "id": 18, "Plot id": "18.3", "Name": null, "Village": "G Nittaput" }, "geometry": { "type": "MultiPolygon", "coordinates": [ [ [ [ 82.537495665281256, 18.045357843204076 ], [ 82.537564765996024, 18.045321910832396 ], [ 82.537758247997388, 18.045288742489308 ], [ 82.537711390049878, 18.045177027677571 ], [ 82.537621428582142, 18.0452002935744 ], [ 82.537451065326081, 18.045260031339517 ], [ 82.537495665281256, 18.045357843204076 ] ] ] ] } },
{ "type": "Feature", "properties": { "id": 7, "Plot id": "7.2", "Name": null, "Village": "G Nittaput" }, "geometry": { "type": "MultiPolygon", "coordinates": [ [ [ [ 82.536273964644138, 18.045545106141102 ], [ 82.53650476103148, 18.045454584204752 ], [ 82.536471592688386, 18.045332966946759 ], [ 82.536243560329652, 18.045382028454249 ], [ 82.536273964644138, 18.045545106141102 ] ] ] ] } },
{ "type": "Feature", "properties": { "id": 13, "Plot id": "13.4", "Name": null, "Village": "G Nittaput" }, "geometry": { "type": "MultiPolygon", "coordinates": [ [ [ [ 82.535845540212577, 18.044902469493753 ], [ 82.536119179043055, 18.044927345751066 ], [ 82.536083246671382, 18.044496157290908 ], [ 82.535992033727879, 18.044178294002968 ], [ 82.535806843812296, 18.044034564516245 ], [ 82.535654822239806, 18.044042856602019 ], [ 82.535845540212577, 18.044902469493753 ] ] ] ] } },
{ "type": "Feature", "properties": { "id": 9, "Plot id": "9.1", "Name": null, "Village": "G Nittaput" }, "geometry": { "type": "MultiPolygon", "coordinates": [ [ [ [ 82.536240796301058, 18.044029036459065 ], [ 82.535992033727879, 18.044178294002968 ], [ 82.536206245943674, 18.044442949740528 ], [ 82.536471592688386, 18.044293692196625 ], [ 82.536240796301058, 18.044029036459065 ] ] ] ] } },
{ "type": "Feature", "properties": { "id": 1, "Plot id": "1.2", "Name": null, "Village": "G Nittaput" }, "geometry": { "type": "MultiPolygon", "coordinates": [ [ [ [ 82.536384525787781, 18.044038710559136 ], [ 82.536572479731944, 18.044041474587726 ], [ 82.536580771817725, 18.043867340786509 ], [ 82.536395581902141, 18.043875632872279 ], [ 82.536384525787781, 18.044038710559136 ] ] ] ] } },
{ "type": "Feature", "properties": { "id": 20, "Plot id": "20.7", "Name": null, "Village": "G Nittaput" }, "geometry": { "type": "MultiPolygon", "coordinates": [ [ [ [ 82.535950573299019, 18.043084429688172 ], [ 82.535607833753772, 18.043070609545218 ], [ 82.535643766125446, 18.043601303034649 ], [ 82.535806843812296, 18.044034564516245 ], [ 82.535992033727879, 18.044178294002968 ], [ 82.536113650985882, 18.044018671351854 ], [ 82.53601138192802, 18.04368145986378 ], [ 82.53601138192802, 18.043288967803889 ], [ 82.535950573299019, 18.043084429688172 ] ] ] ] } },
{ "type": "Feature", "properties": { "id": 2, "Plot id": "2.1", "Name": null, "Village": "G Nittaput" }, "geometry": { "type": "MultiPolygon", "coordinates": [ [ [ [ 82.537398924280595, 18.043521837212666 ], [ 82.537647686853774, 18.043466556640848 ], [ 82.537625574625039, 18.043295186868221 ], [ 82.537365755937515, 18.043333883268492 ], [ 82.537398924280595, 18.043521837212666 ] ] ] ] } },
{ "type": "Feature", "properties": { "id": 666, "Plot id": "666", "Name": "cattle sheds", "Village": "G Nittaput" }, "geometry": { "type": "MultiPolygon", "coordinates": [ [ [ [ 82.537028544449441, 18.043726375328383 ], [ 82.537371283994688, 18.043720847271199 ], [ 82.537398924280595, 18.043521837212666 ], [ 82.537277307022606, 18.043273074639494 ], [ 82.537122521421523, 18.043295186868221 ], [ 82.537028544449441, 18.043726375328383 ] ] ] ] } },
{ "type": "Feature", "properties": { "id": 24, "Plot id": "24.6", "Name": null, "Village": "G Nittaput" }, "geometry": { "type": "MultiPolygon", "coordinates": [ [ [ [ 82.538609568803338, 18.04206657615962 ], [ 82.53883069109061, 18.041939430844444 ], [ 82.538996532806053, 18.041563522956096 ], [ 82.538515591831256, 18.041773589128997 ], [ 82.538609568803338, 18.04206657615962 ] ] ] ] } },
{ "type": "Feature", "properties": { "id": 26, "Plot id": "26.7", "Name": null, "Village": "G Nittaput" }, "geometry": { "type": "MultiPolygon", "coordinates": [ [ [ [ 82.53887491554805, 18.042232417875066 ], [ 82.53902417309196, 18.042155025074525 ], [ 82.538902555833971, 18.041972599187531 ], [ 82.538769882461608, 18.04210527255989 ], [ 82.53887491554805, 18.042232417875066 ] ] ] ] } },
{ "type": "Feature", "properties": { "id": 25, "Plot id": "25.7", "Name": null, "Village": "G Nittaput" }, "geometry": { "type": "MultiPolygon", "coordinates": [ [ [ [ 82.539704124125294, 18.042635966049321 ], [ 82.539986055041553, 18.042519876848505 ], [ 82.539810115142231, 18.042235304139581 ], [ 82.539810115142231, 18.042235304139581 ], [ 82.539604619096025, 18.042315338732788 ], [ 82.539704124125294, 18.042635966049321 ] ] ] ] } },
{ "type": "Feature", "properties": { "id": 18, "Plot id": "18.5", "Name": null, "Village": "G Nittaput" }, "geometry": { "type": "MultiPolygon", "coordinates": [ [ [ [ 82.539311632065406, 18.042652550220865 ], [ 82.539704124125294, 18.042635966049321 ], [ 82.539604619096025, 18.042315338732788 ], [ 82.539283991779499, 18.042326394847152 ], [ 82.539311632065406, 18.042652550220865 ] ] ] ] } },
{ "type": "Feature", "properties": { "id": 18, "Plot id": "18.6", "Name": null, "Village": "G Nittaput" }, "geometry": { "type": "MultiPolygon", "coordinates": [ [ [ [ 82.540334322643986, 18.042840504165039 ], [ 82.539986055041553, 18.042519876848505 ], [ 82.539704124125294, 18.042635966049321 ], [ 82.539666809739316, 18.04270713978552 ], [ 82.540020605398936, 18.042978014587415 ], [ 82.540334322643986, 18.042840504165039 ] ] ] ] } },
{ "type": "Feature", "properties": { "id": 32, "Plot id": "32.2", "Name": null, "Village": "G Nittaput" }, "geometry": { "type": "MultiPolygon", "coordinates": [ [ [ [ 82.540422771558895, 18.042973177537394 ], [ 82.540334322643986, 18.042840504165039 ], [ 82.540020605398936, 18.042978014587415 ], [ 82.540169862942832, 18.043243361332131 ], [ 82.54024614739528, 18.043235732886888 ], [ 82.540279042072171, 18.043039514223572 ], [ 82.540422771558895, 18.042973177537394 ] ] ] ] } },
{ "type": "Feature", "properties": { "id": 12, "Plot id": "12.4", "Name": null, "Village": "G Nittaput" }, "geometry": { "type": "MultiPolygon", "coordinates": [ [ [ [ 82.540588613274338, 18.042984233651758 ], [ 82.540511220473803, 18.042846032222219 ], [ 82.540334322643986, 18.042840504165039 ], [ 82.540422771558895, 18.042973177537394 ], [ 82.540588613274338, 18.042984233651758 ] ] ] ] } },
{ "type": "Feature", "properties": { "id": 17, "Plot id": "17.4", "Name": null, "Village": "G Nittaput" }, "geometry": { "type": "MultiPolygon", "coordinates": [ [ [ [ 82.540627309674605, 18.042812863879128 ], [ 82.540511220473803, 18.042846032222219 ], [ 82.540588613274338, 18.042984233651758 ], [ 82.540699174417966, 18.042978705594575 ], [ 82.540721286646701, 18.042928953079944 ], [ 82.540627309674605, 18.042812863879128 ] ] ] ] } },
{ "type": "Feature", "properties": { "id": 11, "Plot id": "11.3", "Name": null, "Village": "G Nittaput" }, "geometry": { "type": "MultiPolygon", "coordinates": [ [ [ [ 82.540748926932608, 18.04274652719295 ], [ 82.540627309674605, 18.042812863879128 ], [ 82.540721286646701, 18.042928953079944 ], [ 82.540815263618782, 18.042868144450946 ], [ 82.540748926932608, 18.04274652719295 ] ] ] ] } },
{ "type": "Feature", "properties": { "id": 32, "Plot id": "32.1", "Name": null, "Village": "G Nittaput" }, "geometry": { "type": "MultiPolygon", "coordinates": [ [ [ [ 82.540460085944858, 18.04316044047442 ], [ 82.540346875378702, 18.043008206543636 ], [ 82.540279042072171, 18.043039514223572 ], [ 82.54024614739528, 18.043235732886888 ], [ 82.540390985230104, 18.043221249103404 ], [ 82.540460085944858, 18.04316044047442 ] ] ] ] } },
{ "type": "Feature", "properties": { "id": 31, "Plot id": "31.1", "Name": null, "Village": "G Nittaput" }, "geometry": { "type": "MultiPolygon", "coordinates": [ [ [ [ 82.540422771558895, 18.042973177537394 ], [ 82.540346875378702, 18.043008206543636 ], [ 82.540460085944858, 18.04316044047442 ], [ 82.54053112004749, 18.043184371519875 ], [ 82.540509838459485, 18.043052643359381 ], [ 82.540422771558895, 18.042973177537394 ] ] ] ] } },
{ "type": "Feature", "properties": { "id": 18, "Plot id": "18.1", "Name": null, "Village": "G Nittaput" }, "geometry": { "type": "MultiPolygon", "coordinates": [ [ [ [ 82.540588613274338, 18.042984233651758 ], [ 82.540422771558895, 18.042973177537394 ], [ 82.540509838459485, 18.043052643359381 ], [ 82.54053112004749, 18.043184371519875 ], [ 82.540653567946208, 18.043152148388632 ], [ 82.540617635574534, 18.043085811702472 ], [ 82.540588613274338, 18.042984233651758 ] ] ] ] } },
{ "type": "Feature", "properties": { "id": 28, "Plot id": "28.1", "Name": null, "Village": "G Nittaput" }, "geometry": { "type": "MultiPolygon", "coordinates": [ [ [ [ 82.540699174417966, 18.042978705594575 ], [ 82.540588613274338, 18.042984233651758 ], [ 82.540617635574534, 18.043085811702472 ], [ 82.540653567946208, 18.043152148388632 ], [ 82.540769657147024, 18.043091339759652 ], [ 82.540699174417966, 18.042978705594575 ] ] ] ] } },
{ "type": "Feature", "properties": { "id": 27, "Plot id": "27.1", "Name": null, "Village": "G Nittaput" }, "geometry": { "type": "MultiPolygon", "coordinates": [ [ [ [ 82.540938262891075, 18.04289509372969 ], [ 82.540815263618782, 18.042868144450946 ], [ 82.540721286646701, 18.042928953079944 ], [ 82.540699174417966, 18.042978705594575 ], [ 82.540769657147024, 18.043091339759652 ], [ 82.540952083034014, 18.042997362787549 ], [ 82.540938262891075, 18.04289509372969 ] ] ] ] } },
{ "type": "Feature", "properties": { "id": 27, "Plot id": "27.6", "Name": null, "Village": "G Nittaput" }, "geometry": { "type": "MultiPolygon", "coordinates": [ [ [ [ 82.541001835548641, 18.042643567127946 ], [ 82.540888510376419, 18.042726487985668 ], [ 82.540988015405688, 18.042820464957757 ], [ 82.541084756406363, 18.042781768557486 ], [ 82.541001835548641, 18.042643567127946 ] ] ] ] } },
{ "type": "Feature", "properties": { "id": 27, "Plot id": "27.7", "Name": null, "Village": "G Nittaput" }, "geometry": { "type": "MultiPolygon", "coordinates": [ [ [ [ 82.539000678848936, 18.04257377540603 ], [ 82.539122296106925, 18.042529550948579 ], [ 82.53906701553511, 18.042347125061585 ], [ 82.538964746477248, 18.042380293404676 ], [ 82.539000678848936, 18.04257377540603 ] ] ] ] } },
{ "type": "Feature", "properties": { "id": 21, "Plot id": "21.6", "Name": null, "Village": "G Nittaput" }, "geometry": { "type": "MultiPolygon", "coordinates": [ [ [ [ 82.538011156613436, 18.042045154938045 ], [ 82.538113425671298, 18.042117019681406 ], [ 82.538157650128738, 18.042238636939402 ], [ 82.538262683215194, 18.042183356367584 ], [ 82.538447873130778, 18.042105963567042 ], [ 82.538373244358823, 18.041821268622193 ], [ 82.538033268842156, 18.041904189479915 ], [ 82.538011156613436, 18.042045154938045 ] ] ] ] } },
{ "type": "Feature", "properties": { "id": 16, "Plot id": "16.10", "Name": null, "Village": "G Nittaput" }, "geometry": { "type": "MultiPolygon", "coordinates": [ [ [ [ 82.53805538107089, 18.042415534769209 ], [ 82.537969696184575, 18.04216953622463 ], [ 82.537781742240398, 18.042277333339673 ], [ 82.537933763812887, 18.042421062826392 ], [ 82.53805538107089, 18.042415534769209 ] ] ] ] } },
{ "type": "Feature", "properties": { "id": 14, "Plot id": "14.5", "Name": null, "Village": "G Nittaput" }, "geometry": { "type": "MultiPolygon", "coordinates": [ [ [ [ 82.537118375378626, 18.042578612456065 ], [ 82.537220644436474, 18.042434882969346 ], [ 82.537168127893253, 18.042299445568396 ], [ 82.536996758120623, 18.042332613911487 ], [ 82.536933185463042, 18.042448703112299 ], [ 82.537010578263576, 18.042584140513249 ], [ 82.537118375378626, 18.042578612456065 ] ] ] ] } },
{ "type": "Feature", "properties": { "id": 15, "Plot id": "15.3", "Name": null, "Village": "G Nittaput" }, "geometry": { "type": "MultiPolygon", "coordinates": [ [ [ [ 82.538499007659709, 18.042497073612633 ], [ 82.538526647945616, 18.042604870727676 ], [ 82.538634445060666, 18.042602106699086 ], [ 82.538877679576643, 18.042510893755587 ], [ 82.538855567347923, 18.042394804554775 ], [ 82.538499007659709, 18.042497073612633 ] ] ] ] } },
{ "type": "Feature", "properties": { "id": 14, "Plot id": "14.6", "Name": null, "Village": "G Nittaput" }, "geometry": { "type": "MultiPolygon", "coordinates": [ [ [ [ 82.538601276717571, 18.042745836185805 ], [ 82.538736714118514, 18.042712667842714 ], [ 82.538916375976925, 18.042621454899219 ], [ 82.538877679576643, 18.042510893755587 ], [ 82.538634445060666, 18.042602106699086 ], [ 82.538526647945616, 18.042604870727676 ], [ 82.538601276717571, 18.042745836185805 ] ] ] ] } },
{ "type": "Feature", "properties": { "id": 16, "Plot id": "16.9", "Name": null, "Village": "G Nittaput" }, "geometry": { "type": "MultiPolygon", "coordinates": [ [ [ [ 82.538286177458218, 18.043063699473745 ], [ 82.538474131402396, 18.04301394695911 ], [ 82.538460311259442, 18.042897857758298 ], [ 82.53835804220158, 18.042867453443797 ], [ 82.538266829258092, 18.042900621786888 ], [ 82.538286177458218, 18.043063699473745 ] ] ] ] } },
{ "type": "Feature", "properties": { "id": 700, "Plot id": "700", "Name": "school", "Village": "G Nittaput" }, "geometry": { "type": "MultiPolygon", "coordinates": [ [ [ [ 82.536703771090018, 18.042779695536044 ], [ 82.536631906346656, 18.042597269649054 ], [ 82.536405256002212, 18.042757583307317 ], [ 82.5365268732602, 18.042901312794037 ], [ 82.536703771090018, 18.042779695536044 ] ] ] ] } },
{ "type": "Feature", "properties": { "id": 13, "Plot id": "13.9", "Name": null, "Village": "G Nittaput" }, "geometry": { "type": "MultiPolygon", "coordinates": [ [ [ [ 82.535950573299019, 18.043084429688172 ], [ 82.53601138192802, 18.043288967803889 ], [ 82.536283638744223, 18.043194299824659 ], [ 82.536554513546108, 18.043000817823305 ], [ 82.536841972519554, 18.042967649480218 ], [ 82.537118375378626, 18.042840504165042 ], [ 82.537632484696488, 18.043013255951951 ], [ 82.537781742240384, 18.042659460292334 ], [ 82.537737517782929, 18.042576539434609 ], [ 82.537626956639301, 18.042465978290977 ], [ 82.537709877497022, 18.042388585490436 ], [ 82.537781742240398, 18.042277333339673 ], [ 82.537660124982395, 18.042134294860084 ], [ 82.537168127893253, 18.042299445568396 ], [ 82.537220644436474, 18.042434882969346 ], [ 82.537118375378626, 18.042578612456065 ], [ 82.537010578263576, 18.042584140513249 ], [ 82.536933185463042, 18.042448703112299 ], [ 82.536958234698162, 18.042402961030774 ], [ 82.536631906346656, 18.042597269649054 ], [ 82.536703771090018, 18.042779695536044 ], [ 82.5365268732602, 18.042901312794037 ], [ 82.536405256002212, 18.042757583307317 ], [ 82.535950573299019, 18.043084429688172 ] ] ] ] } },
{ "type": "Feature", "properties": { "id": 7, "Plot id": "7.1", "Name": null, "Village": "G Nittaput" }, "geometry": { "type": "MultiPolygon", "coordinates": [ [ [ [ 82.536576625774842, 18.043433388297764 ], [ 82.536897253091368, 18.043300714925405 ], [ 82.536841972519554, 18.042967649480218 ], [ 82.536554513546108, 18.043000817823305 ], [ 82.536576625774842, 18.043433388297764 ] ] ] ] } },
{ "type": "Feature", "properties": { "id": 1, "Plot id": "1.1", "Name": null, "Village": "G Nittaput" }, "geometry": { "type": "MultiPolygon", "coordinates": [ [ [ [ 82.536615322175109, 18.043676622813752 ], [ 82.536886196977008, 18.043648982527845 ], [ 82.536897253091368, 18.043300714925405 ], [ 82.536576625774842, 18.043433388297764 ], [ 82.536615322175109, 18.043676622813752 ] ] ] ] } },
{ "type": "Feature", "properties": { "id": 1, "Plot id": "1.4", "Name": null, "Village": "G Nittaput" }, "geometry": { "type": "MultiPolygon", "coordinates": [ [ [ [ 82.537201296236361, 18.043151457381505 ], [ 82.537118375378626, 18.042840504165042 ], [ 82.536841972519554, 18.042967649480218 ], [ 82.536897253091368, 18.043300714925405 ], [ 82.537201296236361, 18.043151457381505 ] ] ] ] } },
{ "type": "Feature", "properties": { "id": 36, "Plot id": "36.4", "Name": null, "Village": "G Nittaput" }, "geometry": { "type": "MultiPolygon", "coordinates": [ [ [ [ 82.539351710479963, 18.046153192431088 ], [ 82.539451215509231, 18.046048159344636 ], [ 82.539440159394871, 18.045854677343282 ], [ 82.539285373793803, 18.045822200007326 ], [ 82.539207980993254, 18.0458608964076 ], [ 82.539075307620891, 18.046004625894319 ], [ 82.538956454391496, 18.046010153951499 ], [ 82.539130588192705, 18.046103439916454 ], [ 82.539351710479963, 18.046153192431088 ] ] ] ] } },
{ "type": "Feature", "properties": { "id": 18, "Plot id": "18.4", "Name": null, "Village": "G Nittaput" }, "geometry": { "type": "MultiPolygon", "coordinates": [ [ [ [ 82.539893460083761, 18.046462763633254 ], [ 82.539910044255308, 18.046335618318079 ], [ 82.539523080252593, 18.045860205400466 ], [ 82.539506496081046, 18.045395848597213 ], [ 82.539451215509246, 18.045327438889576 ], [ 82.539263261565068, 18.045627335991675 ], [ 82.539285373793803, 18.045822200007326 ], [ 82.539440159394871, 18.045854677343282 ], [ 82.539451215509231, 18.046048159344636 ], [ 82.539351710479963, 18.046153192431088 ], [ 82.539893460083761, 18.046462763633254 ] ] ] ] } },
{ "type": "Feature", "properties": { "id": 2, "Plot id": "2.5", "Name": null, "Village": "G Nittaput" }, "geometry": { "type": "MultiPolygon", "coordinates": [ [ [ [ 82.540037189570484, 18.046330090260899 ], [ 82.54037992911573, 18.045999097837136 ], [ 82.539860291740666, 18.045435236004618 ], [ 82.53969997808241, 18.045766228428377 ], [ 82.540037189570484, 18.046330090260899 ] ] ] ] } },
{ "type": "Feature", "properties": { "id": 25, "Plot id": "25.4", "Name": null, "Village": "G Nittaput" }, "geometry": { "type": "MultiPolygon", "coordinates": [ [ [ [ 82.53919692487888, 18.046468291690434 ], [ 82.539351710479963, 18.046153192431088 ], [ 82.539130588192705, 18.046103439916454 ], [ 82.538956454391496, 18.046010153951499 ], [ 82.538782320590272, 18.046120715095132 ], [ 82.53919692487888, 18.046468291690434 ] ] ] ] } },
{ "type": "Feature", "properties": { "id": 27, "Plot id": "27.5", "Name": null, "Village": "G Nittaput" }, "geometry": { "type": "MultiPolygon", "coordinates": [ [ [ [ 82.539406991051777, 18.046639661463065 ], [ 82.539618417977223, 18.046305596715232 ], [ 82.539351710479963, 18.046153192431088 ], [ 82.53919692487888, 18.046468291690434 ], [ 82.539406991051777, 18.046639661463065 ] ] ] ] } },
{ "type": "Feature", "properties": { "id": 32, "Plot id": "32.4", "Name": null, "Village": "G Nittaput" }, "geometry": { "type": "MultiPolygon", "coordinates": [ [ [ [ 82.539805011168852, 18.046833143464418 ], [ 82.540031661513297, 18.046766806778241 ], [ 82.540048245684844, 18.046634133405881 ], [ 82.539893460083761, 18.046462763633254 ], [ 82.539618417977223, 18.046305596715232 ], [ 82.539406991051777, 18.046639661463065 ], [ 82.539805011168852, 18.046833143464418 ] ] ] ] } },
{ "type": "Feature", "properties": { "id": 800, "Plot id": "800", "Name": "burial ground", "Village": "G Nittaput" }, "geometry": { "type": "MultiPolygon", "coordinates": [ [ [ [ 82.540904791225373, 18.037397831957954 ], [ 82.540801987639028, 18.038084992771964 ], [ 82.540790585486548, 18.038122536444749 ], [ 82.540971431234141, 18.038117470310528 ], [ 82.541054352091862, 18.03772774227923 ], [ 82.541029475834549, 18.037572956678144 ], [ 82.540904791225373, 18.037397831957954 ] ] ] ] } },
{ "type": "Feature", "properties": { "id": 900, "Plot id": "900", "Name": "Temple", "Village": "G Nittaput" }, "geometry": { "type": "MultiPolygon", "coordinates": [ [ [ [ 82.537737517782929, 18.042576539434609 ], [ 82.537820438640665, 18.042521258862795 ], [ 82.537820438640665, 18.042471506348161 ], [ 82.537770686126024, 18.042427281890706 ], [ 82.537709877497022, 18.042388585490436 ], [ 82.537626956639301, 18.042465978290977 ], [ 82.537737517782929, 18.042576539434609 ] ] ] ] } },
{ "type": "Feature", "properties": { "id": 950, "Plot id": "950", "Name": "Spring", "Village": "G Nittaput" }, "geometry": { "type": "MultiPolygon", "coordinates": [ [ [ [ 82.541203609635772, 18.042620763892057 ], [ 82.541087520434957, 18.042548899148699 ], [ 82.541098576549317, 18.042659460292327 ], [ 82.541192553521412, 18.042703684749782 ], [ 82.541203609635772, 18.042620763892057 ] ] ] ] } },
{ "type": "Feature", "properties": { "id": 960, "Plot id": "960", "Name": "Tank Cheruvu", "Village": "G Nittaput" }, "geometry": { "type": "MultiPolygon", "coordinates": [ [ [ [ 82.538699399732522, 18.041620185542204 ], [ 82.538937106191327, 18.041509624398572 ], [ 82.538851421305012, 18.041392844190607 ], [ 82.538693871675335, 18.041395608219197 ], [ 82.538699399732522, 18.041620185542204 ] ] ] ] } },
{ "type": "Feature", "properties": { "id": 970, "Plot id": "970", "Name": "borewell", "Village": "G Nittaput" }, "geometry": { "type": "MultiPolygon", "coordinates": [ [ [ [ 82.538445109102156, 18.041817813586444 ], [ 82.538528324831262, 18.041813286129017 ], [ 82.538515591831256, 18.041773589128997 ], [ 82.538442345073562, 18.041787409271947 ], [ 82.538445109102156, 18.041817813586444 ] ] ] ] } },
{ "type": "Feature", "properties": { "id": 980, "Plot id": "980", "Name": "stone wall", "Village": "G Nittaput" }, "geometry": { "type": "MultiPolygon", "coordinates": [ [ [ [ 82.540028897484689, 18.040557416549049 ], [ 82.539987437055828, 18.040607169063684 ], [ 82.540040262670303, 18.040647833052471 ], [ 82.540062909000866, 18.040606666440521 ], [ 82.540028897484689, 18.040557416549049 ] ] ] ] } },
{ "type": "Feature", "properties": { "id": 990, "Plot id": "990", "Name": "ICDS", "Village": "G Nittaput" }, "geometry": { "type": "MultiPolygon", "coordinates": [ [ [ [ 82.538646883189315, 18.0422794063611 ], [ 82.538787848647445, 18.042226889817876 ], [ 82.538738096132803, 18.042124620760017 ], [ 82.538586074560314, 18.042196485503375 ], [ 82.538646883189315, 18.0422794063611 ] ] ] ] } },
{ "type": "Feature", "properties": { "id": 940, "Plot id": "940", "Name": "Water tank", "Village": "G Nittaput" }, "geometry": { "type": "MultiPolygon", "coordinates": [ [ [ [ 82.538500389673999, 18.042716122878442 ], [ 82.538570937768611, 18.042688529282202 ], [ 82.538526647945616, 18.042604870727676 ], [ 82.538461693273732, 18.042638730077901 ], [ 82.538500389673999, 18.042716122878442 ] ] ] ] } }
]
}
